datetime,price_1d,1D_EMA_5,1D_EMA_10,1D_EMA_15,price_1w,1W_EMA_5,1W_EMA_10,1W_EMA_15
2023-10-01,342.9,342.9,342.9,342.9,,,,
2023-10-02,338.18,341.3266666666667,342.04181818181814,342.30999999999995,,,,
2023-10-03,334.5,339.05111111111114,340.6705785123966,341.33374999999995,,,,
2023-10-04,335.78,337.9607407407408,339.7813824192336,340.63953125,,,,
2023-10-05,331.5,335.8071604938272,338.2756765248274,339.49708984375,336.572,336.572,336.572,336.572
2023-10-08,324.23,331.9481069958848,335.72191715667697,337.58870361328127,,,,
2023-10-09,318.45,327.44873799725656,332.58156858273566,335.1963656616211,,,,
2023-10-10,313.65,322.8491586648377,329.1394652040564,332.50306995391844,,,,
2023-10-11,312.98,319.55943910989185,326.20138062150073,330.06268620967865,,,,
2023-10-12,307.5,315.5396260732613,322.8011295994097,327.2423504334688,315.36199999999997,329.502,332.71563636363635,333.92075
2023-10-16,294.83,308.6364173821742,317.7154696722443,323.1908066292852,,,,
2023-10-17,299.25,305.50761158811616,314.35811155001807,320.1982058006245,,,,
2023-10-18,305.25,305.42174105874415,312.70209126819657,318.32968007554643,,,,
2023-10-19,303.0,304.61449403916276,310.93807467397903,316.4134700661031,300.5825,319.86216666666667,326.8732479338842,329.75346874999997
2023-10-29,295.5,301.57632935944184,308.1311520059828,313.79928630784025,,,,
2023-10-30,293.25,298.8008862396279,305.42548800489504,311.2306255193602,,,,
2023-10-31,293.25,296.95059082641865,303.2117629130959,308.9830473294402,,,,
2023-11-01,291.75,295.2170605509458,301.12780601980575,306.8289164132602,,,,
2023-11-02,286.5,292.31137370063055,298.4682049252956,304.28780186160265,292.05,307.94266666666664,319.43527264703516,324.46175383771924
2023-11-05,283.5,289.3742491337537,295.74671312069637,301.68932662890234,,,,
2023-11-06,287.78,288.84283275583584,294.2982198260243,299.9506608002895,,,,
2023-11-07,302.25,293.3118885038906,295.74399803947443,300.2380782002533,,,,
2023-11-08,309.75,298.79125900259373,298.2905438504791,301.42706842522165,,,,
2023-11-09,304.2,300.59417266839586,299.3649904231192,301.77368487206894,297.496,304.4604444444444,315.44631398393784,321.09103460800435
2023-11-20,304.8,301.9961151122639,300.35317398255205,302.15197426306037,,,,
2023-11-21,297.0,300.330743408176,299.74350598572437,301.50797748017783,,,,
2023-11-22,304.65,301.77049560545066,300.6355958065017,301.9007302951556,,,,
2023-11-23,322.5,308.6803304036338,304.6109420235014,304.47563900826117,307.2375,305.65061111111106,313.69297507474727,319.1466788735476
2023-11-26,339.75,319.0368869357559,310.99986165559204,308.8849341322285,,,,
2023-11-27,337.5,325.1912579571706,315.8180686273026,312.46181736569997,,,,
2023-11-28,336.15,328.84417197144705,319.51478342233844,315.4228401949875,,,,
2023-11-29,330.0,329.2294479809647,321.4211864364587,317.24498517061403,,,,
2023-11-30,330.0,329.4862986539765,322.9809707207389,318.83936202428725,334.68,315.32707407407406,317.5087977884296,321.08834401435416
2023-12-03,330.0,329.65753243598436,324.25715786242273,320.23444177125134,,,,
2023-12-04,337.35,332.2216882906563,326.63767461470945,322.37388654984494,,,,
2023-12-05,345.75,336.7311255271042,330.1126428665805,325.29590073111433,,,,
2023-12-06,361.5,344.9874170180695,335.81943507265674,329.82141313972505,,,,
2023-12-07,351.0,346.9916113453797,338.57953778671913,332.46873649725944,345.12,325.2580493827161,322.52901637235146,324.09230101255986
2023-12-10,371.25,355.0777408969198,344.51962182549744,337.316394435102,,,,
2023-12-11,370.73,360.29516059794656,349.2851451299524,341.49309513071427,,,,
2023-12-12,392.33,370.97344039863106,357.11148237905195,347.847708239375,,,,
2023-12-13,388.5,376.81562693242074,362.81848558286066,352.9292447094531,,,,
2023-12-14,382.58,378.73708462161386,366.41148820415873,356.63558912077144,381.078,343.8646995884774,333.174286122833,331.2155133859899
2023-12-17,389.4,382.2913897477426,370.5912176215844,360.73114048067504,,,,
2023-12-18,388.5,384.3609264984951,373.8473598722054,364.20224792059065,,,,
2023-12-19,418.5,395.7406176656634,381.9660217136226,370.9894669305168,,,,
2023-12-20,410.63,400.7037451104423,387.1776541293275,375.94453356420223,,,,
2023-12-21,398.25,399.88583007362826,389.1908079239952,378.73271686867696,401.056,362.9284663923182,345.51641591868156,339.9455742127412
2023-12-24,405.0,401.5905533824189,392.06520648326875,382.01612726009233,,,,
2023-12-27,405.15,402.7770355882793,394.4442598499471,384.9078613525808,,,,
2023-12-28,408.0,404.5180237255196,396.90893987722944,387.7943786835082,406.05,377.30231092821214,356.52252211528486,348.20862743614856
2024-01-01,396.75,401.9286824836798,396.88004171773315,388.9138313480697,,,,
2024-01-02,368.25,390.7024549891199,391.67457958723617,386.330852429561,,,,
2024-01-03,374.55,385.3183033260799,388.56101966228414,384.8582458758659,,,,
2024-01-04,361.88,377.50553555071997,383.7099251782325,381.9859651413827,375.3575,376.65404061880815,359.94706354886944,351.60223650663
2024-01-07,358.5,371.17035703381333,379.12630241855385,379.05021949870985,,,,
2024-01-08,371.25,371.1969046892089,377.6942474333622,378.0751920613711,,,,
2024-01-09,375.0,372.4646031261393,377.20438426365996,377.69079305369974,,,,
2024-01-10,372.75,372.5597354174262,376.3944962157218,377.07319392198724,,,,
2024-01-11,371.55,372.2231569449508,375.5136787219542,376.38279468173886,369.81,374.37269374587214,361.74032472180227,353.8782069433012
2024-01-14,372.49,372.3121046299672,374.9639189543262,375.8961953465215,,,,
2024-01-16,381.31,375.3114030866449,376.1177518717214,376.5729209282063,,,,
2024-01-17,376.58,375.7342687244299,376.2017969859538,376.5738058121805,,,,
2024-01-18,370.13,373.86617914961994,375.09783389759855,375.76833008565796,375.1275,374.62429583058145,364.1743565905655,356.53436857538856
2024-01-21,363.83,370.52078609974666,373.04913682530787,374.2760388249507,,,,
2024-01-22,367.76,369.60052406649777,372.08747558434277,373.46153397183184,,,,
2024-01-23,364.22,367.8070160443319,370.65702547809866,372.30634222535286,,,,
2024-01-24,359.89,365.16801069622124,368.6993844820807,370.75429944718377,,,,
2024-01-25,356.74,362.35867379748083,366.5249509398842,369.0025120162858,362.488,370.57886388705435,363.86774630137177,357.27857250346494
2024-01-28,360.68,361.79911586498724,365.46223258717794,367.96219801425,,,,
2024-01-29,357.13,360.24274390999153,363.94728120769105,366.60817326246877,,,,
2024-01-30,359.1,359.8618292733277,363.0659573517472,365.66965160466015,,,,
2024-01-31,356.58,358.7678861822185,361.8866923787022,364.53344515407764,,,,
2024-02-01,354.06,357.1985907881457,360.46365740075635,363.22426450981794,357.51,366.22257592470294,362.7117924283951,357.3075009405318
2024-02-04,357.92,357.4390605254305,360.0011742369824,362.5612314460907,,,,
2024-02-05,353.67,356.18270701695366,358.85005164844017,361.4498275153294,,,,
2024-02-06,353.27,355.2118046779691,357.8354968032692,360.42734907591324,,,,
2024-02-07,368.55,359.65786978531276,359.7835882935839,361.4426804414241,,,,
2024-02-08,367.68,362.3319131902085,361.21929951293225,362.22234538624605,360.218,364.2210506164687,362.2583756232324,357.67131332296526
2024-02-11,363.9,362.8546087934724,361.70669960148996,362.4320522129653,,,,
2024-02-12,365.4,363.7030725289816,362.3782087648554,362.80304568634466,,,,
2024-02-13,358.31,361.9053816859878,361.6385344439726,362.24141497555155,,,,
2024-02-14,356.03,359.94692112399184,360.6188009087049,361.46498810360765,,,,
2024-02-15,352.09,357.3279474159946,359.0681098343949,360.2931145906567,359.146,362.5293670776458,361.69248914628105,357.85564915759466
2024-02-18,347.29,353.9819649439964,356.9266353190503,358.6677252668246,,,,
2024-02-20,345.32,351.09464329599757,354.8163379883139,356.99925960847156,,,,
2024-02-21,341.93,348.0397621973317,352.4733674449841,355.1156021574126,,,,
2024-02-22,337.21,344.42984146488783,349.69820972771424,352.877401887736,342.9375,355.99874471843054,358.2824911196845,355.99088051289533
2024-02-25,336.74,341.8665609765919,347.3421715954026,350.86022665176904,,,,
2024-02-26,340.2,341.3110406510613,346.043594941693,349.5276983202979,,,,
2024-02-27,341.85,341.49069376737424,345.2811231341125,348.5679860302606,,,,
2024-02-28,341.78,341.5871291782495,344.6445552915465,347.719487776478,,,,
2024-02-29,336.26,339.8114194521663,343.12009069308345,346.2870518044183,339.366,350.45449647895373,354.8431290979237,353.9127704487834
2024-03-03,331.54,337.0542796347776,341.0146196579774,344.443670328866,,,,
2024-03-04,350.44,341.5161864231851,342.72832517470874,345.19321153775775,,,,
2024-03-05,341.78,341.6041242821234,342.55590241567074,344.766560095538,,,,
2024-03-06,344.14,342.4494161880823,342.84392015827603,344.68824008359576,,,,
2024-03-07,352.72,345.87294412538824,344.63957103858945,345.69221007314627,344.12399999999997,348.3443309859692,352.8941965346648,352.6891741426855
2024-03-10,361.46,351.06862941692555,347.69783084975495,347.663183814003,,,,
2024-03-12,382.73,361.6224196112837,354.06731614979947,352.04653583725263,,,,
2024-03-13,378.79,367.3449464075225,358.56234957710865,355.38946885759606,,,,
2024-03-14,366.98,367.22329760501503,360.0928314721798,356.83828525039655,372.49,356.3928873239795,356.45706989199846,355.1642773748498
2024-03-17,367.92,367.45553173667673,361.51595302269254,358.223499594097,,,,
2024-03-18,369.34,368.0836878244512,362.9385070185666,359.6130621448349,,,,
2024-03-19,366.42,367.5291252163008,363.57150574246356,360.46392937673056,,,,
2024-03-20,366.19,367.0827501442006,364.04759560747016,361.17968820463926,,,,
2024-03-21,360.83,364.99850009613374,363.46257822429374,361.13597717905935,366.14,359.64192488265303,358.2176026389078,356.53624270299355
2024-03-25,355.95,361.9823333974225,362.0966549107858,360.4877300316769,,,,
2024-03-26,355.16,359.70822226494835,360.8354449270065,359.82176377771725,,,,
2024-03-27,350.44,356.61881484329894,358.94536403118707,358.64904330550263,,,,
2024-03-28,357.45,356.8958765621993,358.6734796618803,358.49916289231476,354.75,358.01128325510206,357.58712943183366,356.31296236511935
2024-03-31,355.95,356.58058437479957,358.1783015415384,358.1805175307754,,,,
2024-04-01,353.98,355.7137229165331,357.4149739885314,357.65545283942845,,,,
2024-04-02,354.69,355.3724819443554,356.91952417243476,357.2847712344999,,,,
2024-04-03,354.53,355.09165462957026,356.48506523199205,356.94042483018734,,,,
2024-04-04,354.45,354.87776975304683,356.1150533716298,356.6291217264139,354.71999999999997,356.91418883673475,357.06583317150023,356.1138420694794
2024-04-07,366.19,358.64851316869795,357.94686184951524,357.8242315106122,,,,
2024-04-09,364.22,360.50567544579866,359.08743242233066,358.62370257178566,,,,
2024-04-10,355.56,358.8571169638658,358.446081072816,358.24073975031246,,,,
2024-04-14,352.8,356.83807797591055,357.4195208777586,357.5606472815234,,,,
2024-04-15,349.65,354.44205198394036,356.0068807181661,356.571816371333,,,,
2024-04-16,349.18,352.6880346559603,354.7656296784995,355.64783932491633,,,,
2024-04-18,346.11,350.4953564373069,353.1918788278632,354.4556094093018,349.435,355.54908392743766,356.41092964373155,355.92169158444517
2024-04-21,345.71,348.90023762487124,351.8315372227972,353.3624082331391,,,,
2024-04-22,342.56,346.78682508324755,350.1458031822886,352.0121072039967,,,,
2024-04-24,344.14,345.90455005549836,349.053838967327,351.02809380349714,,,,
2024-04-25,346.66,346.15636670366564,348.6185955187221,350.48208207806,344.7675,351.9552226182918,354.29394243578037,354.5274176363895
2024-04-28,353.51,348.60757780244376,349.5079417880453,350.86057181830245,,,,
2024-04-29,351.93,349.71505186829586,349.9483160084007,350.9942503410146,,,,
2024-04-30,356.03,351.8200345788639,351.054076734146,351.6237190483878,,,,
2024-05-02,356.74,353.46002305257593,352.0878809643013,352.26325416733926,354.5525,352.8209817455279,354.3409529020021,354.5305529318408
2024-05-05,355.4,354.10668203505065,352.69008442533743,352.65534739642186,,,,
2024-05-06,364.69,357.6344546900338,354.8718872570943,354.15967897186914,,,,
2024-05-07,364.69,359.9863031266892,356.6569986648953,355.4759691003855,,,,
2024-05-12,354.77,358.24753541779285,356.3139079985507,355.3877229628373,,,,
2024-05-13,358.47,358.3216902785286,356.7059247260869,355.7730075924826,,,,
2024-05-14,364.14,360.2611268523524,358.05757477588924,356.81888164342223,,,,
2024-05-15,364.53,361.68408456823494,359.2343793620912,357.7827714379945,,,,
2024-05-16,360.68,361.3493897121566,359.4972194780746,358.14492500824514,360.518,357.3360659609754,356.54291888481123,356.05147542177394
2024-05-19,381.07,367.9229264747711,363.4195432093337,361.0105593822145,,,,
2024-05-20,378.79,371.5452843165141,366.21417171672755,363.2329894594377,,,,
2024-05-21,383.51,375.5335228776761,369.3588677682316,365.767615777008,,,,
2024-05-22,379.65,376.90568191845074,371.2299827194622,367.50291380488204,,,,
2024-05-26,378.47,377.4271212789672,372.5463494977418,368.8737995792718,,,,
2024-05-27,378.08,377.64474751931147,373.5524677708796,370.02457463186283,,,,
2024-05-29,369.34,374.87649834620765,372.78656453981057,369.93900280288,,,,
2024-05-30,368.55,372.7676655641385,372.0162800780268,369.76537745252,373.61,367.964918204878,363.2478217328075,360.9482389947957
2024-06-02,370.91,372.1484437094257,371.81513824565826,369.90845527095496,,,,
2024-06-03,371.94,372.0789624729505,371.8378403828113,370.1623983620856,,,,
2024-06-04,378.0,374.05264164863365,372.95823304048196,371.14209856682487,,,,
2024-06-05,377.21,375.10509443242245,373.7312815785761,371.9005862459718,,,,
2024-06-06,376.5,375.5700629549483,374.23468492792585,372.47551296522533,374.912,370.2806121365854,365.36858141775156,362.6937091204462
2024-06-09,374.06,375.06670863663226,374.2029240319393,372.67357384457216,,,,
2024-06-10,371.39,373.84113909108817,373.69148329885945,372.5131271140006,,,,
2024-06-11,382.73,376.8040927273921,375.33484997179403,373.7902362247505,,,,
2024-06-12,381.7,378.43606181826146,376.4921499769224,374.7789566966567,,,,
2024-06-13,382.8,379.890707878841,377.63903179930014,375.7815871095746,378.536,373.03240809105694,367.7626575236149,364.67399548039043
2024-06-16,380.36,380.047138585894,378.1337532903365,376.3538887208778,,,,
2024-06-18,381.94,380.678092390596,378.82579814663893,377.0521526307681,,,,
2024-06-19,379.18,380.17872826039735,378.89019848361363,377.3181335519221,,,,
2024-06-20,379.58,379.97915217359827,379.0156169411384,377.6008668579318,380.265,375.44327206070466,370.03581070113944,366.6228710453416
2024-06-23,378.0,379.31943478239884,378.83095931547683,377.65075850069036,,,,
2024-06-24,378.08,378.9062898549326,378.6944212581174,377.70441368810407,,,,
2024-06-25,378.63,378.81419323662175,378.6827083020961,377.8201119770911,,,,
2024-06-26,377.92,378.5161288244145,378.5440340653513,377.8325979799547,,,,
2024-06-27,374.06,377.0307525496097,377.7287551443783,377.36102323246035,377.338,376.0748480404698,371.36348148275044,367.9622621646739
2024-06-30,371.31,375.12383503307314,376.5617087544913,376.6046453284028,,,,
2024-07-01,375.64,375.29589002204875,376.39412534458376,376.4840646623524,,,,
2024-07-02,385.88,378.82392668136583,378.11882982738666,377.65855657955836,,,,
2024-07-03,385.88,381.17595112091055,379.5299516769527,378.68623700711356,,,,
2024-07-04,401.63,387.99396741394037,383.5481422811431,381.5542073812244,384.068,378.7392320269799,373.67339394043216,369.9754793940897
2024-07-07,412.65,396.212644942627,388.8393891391171,385.44118145857135,,,,
2024-07-08,406.27,399.565096628418,392.00859111382306,388.0447837762499,,,,
2024-07-09,412.26,403.796731085612,395.6906654567643,391.07168580421865,,,,
2024-07-10,415.01,407.534487390408,399.20327173735257,394.0639750786913,,,,
2024-07-11,431.55,415.53965826027206,405.0844950578339,398.74972819385493,415.54799999999994,391.0088213513199,381.28695867853537,375.67204446982845
2024-07-14,439.43,423.5031055068481,411.3291323200459,403.83476216962305,,,,
2024-07-15,428.87,425.29207033789874,414.51838098912845,406.96416689842016,,,,
2024-07-16,446.51,432.3647135585992,420.3350389911051,411.9073960361177,,,,
2024-07-17,448.88,437.8698090390662,425.52503190181324,416.528971531603,,,,
2024-07-18,454.39,443.3765393593775,430.77320791966537,421.2616000901526,443.616,408.5445475675466,392.61951164607433,384.1650389110999
2024-07-21,456.75,447.83435957291834,435.49626102518073,425.69765007888356,,,,
2024-07-22,452.03,449.23290638194555,438.50239538423875,428.98919381902306,,,,
2024-07-23,471.71,456.725270921297,444.54014167801347,434.3292945916452,,,,
2024-07-24,464.63,459.36018061419804,448.19284319110193,438.11688276768956,,,,
2024-07-25,465.41,461.3767870761321,451.3232353381743,441.5285224217283,462.10599999999994,426.3983650450311,405.25341861951534,393.90765904721235
2024-07-28,476.44,466.39785805075473,455.8899198221426,445.8924571190123,,,,
2024-07-29,467.78,466.8585720338365,458.051752581753,448.6283999791358,,,,
2024-07-30,470.93,468.21571468922434,460.39325211234336,451.4160999817438,,,,
2024-07-31,482.74,473.05714312614964,464.45629718282635,455.3315874840258,,,,
2024-08-01,500.06,482.05809541743315,470.92969769503975,460.92263904852257,479.59,444.12891003002073,418.76916068869434,404.61795166631083
2024-08-05,520.77,494.9620636116221,479.99157084139614,468.4035591674572,,,,
2024-08-06,488.25,492.72470907441476,481.49310341568776,470.88436427152504,,,,
2024-08-07,505.58,497.00980604960984,485.87253915828995,475.2213187375844,,,,
2024-08-08,501.64,498.55320403307326,488.739350220419,478.5236538953863,504.06,464.10594002001386,434.2765860180226,417.04820770802195
2024-08-11,513.45,503.5188026887156,493.2321956348883,482.889447158463,,,,
2024-08-12,546.53,517.8558684591437,502.92270551945404,490.8445162636551,,,,
2024-08-13,544.95,526.8872456394292,510.56403178864423,497.6077017306982,,,,
2024-08-14,546.53,533.4348304262862,517.1032987361634,503.7229890143609,,,,
2024-08-15,551.25,539.3732202841909,523.3117898750428,509.6638653875658,540.542,489.58462668000925,453.5975703783821,432.4849317445192
2024-08-18,562.28,547.008813522794,530.3969189886714,516.2408822141201,,,,
2024-08-21,555.19,549.7358756818627,534.904751899822,521.1095219373551,,,,
2024-08-22,551.25,550.2405837879085,537.8766151907635,524.8770816951858,556.24,511.8030844533396,472.2598303095853,447.9543152764543
2024-08-25,537.94,546.140389191939,537.8881397015338,526.5099464832876,,,,
2024-08-27,518.18,536.8202594612926,534.3048415739821,525.4687031728768,,,,
2024-08-28,518.02,530.5535063075284,531.3439612878035,524.5376152762672,,,,
2024-08-29,507.94,523.0156708716856,527.0886955991119,522.4629133667337,520.52,514.7087229688931,481.0344066169334,457.02502586689747
2024-09-01,505.58,517.2037805811237,523.1780236720007,520.352549195892,,,,
2024-09-02,529.2,521.2025203874159,524.2729284589096,521.4584805464056,,,,
2024-09-03,541.8,528.068346924944,527.4596687391079,524.0011704781049,,,,
2024-09-04,521.33,525.822231283296,526.3451835138155,523.6672741683418,,,,
2024-09-05,521.33,524.3248208555307,525.433331965849,523.3751148972991,523.848,517.7551486459288,488.81869632294547,465.37789763353527
2024-09-08,518.96,522.5365472370205,524.2563625175128,522.8232255351368,,,,
2024-09-09,517.39,520.821031491347,523.0079329688741,522.1440723432447,,,,
2024-09-10,510.3,517.3140209942313,520.697399701806,520.6635633003391,,,,
2024-09-11,503.21,512.6126806628209,517.5178724832958,518.4818678877967,,,,
2024-09-12,517.39,514.2051204418806,517.4946229408783,518.3453844018221,513.45,516.320099097286,493.297115173319,471.3869104293434
2024-09-15,507.94,512.1167469612537,515.7574187698095,517.0447113515943,,,,
2024-09-16,502.43,508.88783130750255,513.3342517207532,515.217872432645,,,,
2024-09-18,498.49,505.4218875383351,510.63529686243436,513.1268883785643,,,,
2024-09-22,500.06,503.63459169222347,508.712515614719,511.4935273312438,,,,
2024-09-23,481.16,496.143061128149,503.7029673211337,507.7018364148383,,,,
2024-09-24,472.5,488.2620407520994,498.029700535473,503.3016068629835,,,,
2024-09-25,479.59,485.37136050139964,494.6770277108415,500.33765600511055,,,,
2024-09-26,474.08,481.60757366759975,490.93211358159755,497.0554490044717,481.47799999999995,501.7356736728679,492.58464734742836,476.10087413079935
2024-09-29,471.71,478.3083824450665,487.43718383948885,493.8872678789128,,,,
2024-09-30,478.8,478.47225496337774,485.8667867777636,492.0013593940487,,,,
2024-10-01,498.49,485.1448366422519,488.1619164545338,492.8124394697926,,,,
2024-10-02,495.1,488.463224428168,489.4233861900731,493.0983845360685,,,,
2024-10-06,501.64,492.855482952112,491.6445887009688,494.16608646905996,,,,
2024-10-07,511.09,498.93365530140807,495.1801180280654,496.2815756604275,,,,
2024-10-08,507.15,501.67243686760537,497.3564602047807,497.64012870287405,,,,
2024-10-09,505.89,503.07829124507026,498.90801289482056,498.6713626150148,,,,
2024-10-15,515.81,507.32219416338023,501.9811014593986,500.81369228813793,,,,
2024-10-16,521.33,511.9914627755869,505.4990830122352,503.37823075212066,,,,
2024-10-17,522.9,515.6276418503913,508.66288610091965,505.8184519081056,520.0133333333333,506.54668108825723,498.8347855619397,485.8583167191358
2024-10-20,510.3,513.8517612335943,508.96054317347966,506.37864541959243,,,,
2024-10-21,503.84,510.5145074890629,508.0295353237561,506.0613147421434,,,,
2024-10-22,503.13,508.0530049927086,507.1387107194368,505.69490039937546,,,,
2024-10-23,499.28,505.12866999513915,505.7098542249937,504.89303784945355,,,,
2024-10-24,492.19,500.8157799967595,503.25169891135846,503.3051581182719,501.74799999999993,504.9471207255048,499.3644609143143,487.84452712924383
2024-10-27,494.55,498.72718666450635,501.669571836566,502.21076335348795,,,,
2024-10-28,507.78,501.7447911096709,502.7805587753721,502.906917934302,,,,
2024-10-29,517.39,506.95986073978065,505.4368208162135,504.71730319251424,,,,
2024-10-30,515.73,509.88324049318715,507.30830794053827,506.09389029345,,,,
2024-11-05,522.9,514.2221603287915,510.14316104225855,508.19465400676876,,,,
2024-11-06,536.52,521.6547735525277,514.938949943666,511.73532225592265,,,,
2024-11-10,543.38,528.8965157016851,520.1100499539085,515.6909069739323,,,,
2024-11-11,543.38,533.7243438011235,524.3409499622887,519.1520436021908,,,,
2024-11-12,538.65,535.366229200749,526.9425954236908,521.5892881519169,,,,
2024-11-13,531.56,534.0974861338327,527.7821235284742,522.8356271329274,,,,
2024-11-14,532.51,533.5683240892218,528.641737432388,524.0449237413114,537.896,522.012998733483,512.0404425293276,500.69148301822395
2024-11-17,546.53,537.8888827261479,531.8941488083174,526.8555582736475,,,,
2024-11-19,536.29,537.355921817432,532.6933944795323,528.0348634894415,,,,
2024-11-20,535.5,536.7372812116214,533.2036863923446,528.9680055532613,,,,
2024-11-21,528.41,533.9615208077475,532.332107048282,528.8982548591036,536.6825,526.9028324889887,516.5208166149043,505.1903601409459
2024-11-24,535.5,534.474347205165,532.9080875849579,529.7234730017157,,,,
2024-11-25,531.56,533.5028981367767,532.6629807513292,529.9530388765012,,,,
2024-11-26,537.31,534.7719320911845,533.5078933419966,530.8726590169385,,,,
2024-11-27,559.13,542.8912880607897,538.1664581889063,534.4048266398212,,,,
2024-11-28,552.83,546.2041920405266,540.8325567000143,536.7079733098435,543.266,532.3572216593259,521.3835772303762,509.9498151233277
2024-12-01,546.45,546.2861280270178,541.8539100272843,537.925726646113,,,,
2024-12-02,558.34,550.3040853513453,544.8513809314144,540.4775108153489,,,,
2024-12-03,553.61,551.4060569008969,546.4438571257026,542.1190719634302,,,,
2024-12-04,567.0,556.6040379339313,550.1813376483021,545.2291879680015,,,,
2024-12-05,556.13,556.4460252892875,551.262912621338,546.5917894720013,556.306,540.3401477728839,527.733108643035,515.7443382329118
2024-12-08,545.74,552.8773501928583,550.2587466901856,546.4853157880011,,,,
2024-12-09,547.31,551.0215667952389,549.7226109283336,546.588401314501,,,,
2024-12-10,542.59,548.2110445301594,548.4257725777275,546.0886011501883,,,,
2024-12-11,548.1,548.1740296867729,548.3665411999588,546.3400260064147,,,,
2024-12-12,541.01,545.786019791182,547.0289882545117,545.673772755613,544.95,541.8767651819227,530.8634525261195,519.3950459537978
2024-12-16,534.71,542.0940131941213,544.7891722082368,544.3033011611614,,,,
2024-12-17,534.71,539.6326754627476,542.9565954431027,543.1041385160162,,,,
2024-12-18,539.44,539.5684503084984,542.3172144534477,542.6461212015142,,,,
2024-12-19,529.2,536.1123002056656,539.9322663710027,540.965356051325,534.5150000000001,539.4228434546152,531.5273702486433,521.285040209573
2024-12-22,527.47,533.2315334704438,537.6663997580931,539.2784365449094,,,,
2024-12-23,528.41,531.6243556469626,535.9834179838944,537.9198819767958,,,,
2024-12-24,531.41,531.5529037646418,535.1518874413681,537.1061467296963,,,,
2024-12-26,533.85,532.3186025097611,534.9151806338466,536.6991283884843,530.285,536.3768956364102,531.30148474889,522.4100351833764
2024-12-29,530.78,531.8057350065075,534.1633296095108,535.9592373399237,,,,
2024-12-31,533.3,532.3038233376717,534.0063605895997,535.6268326724332,,,,
2025-01-01,531.64,532.0825488917811,533.5761132096725,535.1284785883792,,,,
2025-01-02,535.89,533.3516992611874,533.9968198988229,535.2236687648318,532.9024999999999,535.2187637576068,531.59257843091,523.7215932854543
2025-01-05,539.44,535.3811328407917,534.9864890081278,535.7507101692279,,,,
2025-01-06,550.46,540.4074218938612,537.7998546430136,537.5893713980744,,,,
2025-01-07,551.25,544.0216145959075,540.2453356170112,539.2969499733151,,,,
2025-01-08,554.4,547.4810763972717,542.8189109593727,541.1848312266507,,,,
2025-01-09,547.31,547.4240509315146,543.6354726031232,541.9504773233193,548.572,539.6698425050712,534.6797459889262,526.8278941247726
2025-01-12,544.95,546.5993672876764,543.8744775843735,542.3254176579044,,,,
2025-01-13,547.31,546.836244858451,544.4991180235783,542.9484904506663,,,,
2025-01-15,547.31,546.9941632389673,545.0101874738367,543.4936791443331,,,,
2025-01-16,541.8,545.2627754926449,544.4265170240482,543.2819692512915,545.3425,541.5607283367142,536.6184285363942,529.142219859176
2025-01-19,543.38,544.6351836617632,544.236241201494,543.2942230948801,,,,
2025-01-20,546.53,545.2667891078422,544.6532882557677,543.69869520802,,,,
2025-01-21,554.4,548.3111927385615,546.4254176638099,545.0363583070175,,,,
2025-01-22,559.52,552.0474618257077,548.8062508158444,546.8468135186404,,,,
2025-01-23,579.6,561.2316412171385,554.4051143038727,550.9409618288104,556.6859999999999,546.6024855578095,540.2670778934134,532.585192376779
2025-01-26,583.54,568.6677608114258,559.7023662486231,555.0158416002091,,,,
2025-01-27,571.73,569.6885072076172,561.8892087488734,557.105111400183,,,,
2025-01-28,574.88,571.4190048050782,564.2511707945328,559.3269724751601,,,,
2025-02-02,586.69,576.5093365367188,568.3309579227995,562.7473509157651,,,,
2025-02-03,581.18,578.0662243578125,570.6671473913814,565.0514320512945,,,,
2025-02-04,589.84,581.9908162385418,574.1531205929484,568.1500030448826,,,,
2025-02-05,589.05,584.3438774923612,576.8616441215032,570.7625026642723,,,,
2025-02-06,581.96,583.5492516615742,577.7886179175936,572.1621898312383,585.744,566.3416972849524,553.9578620608801,544.056923330138
2025-02-09,574.09,580.3961677743828,577.1161419325765,572.4031661023334,,,,
2025-02-10,568.26,576.3507785162552,575.5059343084716,571.8852703395418,,,,
2025-02-11,568.02,573.5738523441702,574.1448553432949,571.402111547099,,,,
2025-02-12,577.32,574.8225682294468,574.7221543717867,572.1418476037117,,,,
2025-02-13,569.44,573.0283788196313,573.7617626678255,571.8041166532478,571.426,568.036464856635,557.13388714072,547.4780579138708
2025-02-16,574.09,573.3822525464209,573.8214421827663,572.0898520715918,,,,
2025-02-17,574.88,573.8815016976139,574.0139072404452,572.4386205626429,,,,
2025-02-18,585.19,577.6510011317426,576.0459241058187,574.0325429923125,,,,
2025-02-20,598.34,584.5473340878284,580.0993924502153,577.0709751182735,583.125,573.06597657109,561.8595440242254,551.933925674637
2025-02-23,584.4,584.498222725219,580.8813210956307,577.9871032284893,,,,
2025-02-24,571.88,580.2921484834794,579.2447172600614,577.2237153249282,,,,
2025-02-25,570.86,577.1480989889864,577.7202232127775,576.4282509093122,,,,
2025-02-27,568.18,574.1587326593242,575.9856371740906,575.3972195456481,573.8299999999999,573.3206510473933,564.0359905652754,554.6709349653073
2025-03-02,581.18,576.4991551062161,576.9300667788013,576.1200671024421,,,,
2025-03-03,579.6,577.5327700708108,577.4155091826557,576.5550587146369,,,,
2025-03-04,577.24,577.4351800472073,577.3835984221728,576.6406763753073,,,,
2025-03-05,571.41,575.4267866981381,576.2974896181413,575.9868418283938,,,,
2025-03-06,570.94,573.9311911320922,575.323400596661,575.3559865998445,576.074,574.2384340315955,566.2247195534071,557.3463180946438
2025-03-09,569.91,572.5907940880614,574.3391459427226,574.675238274864,,,,
2025-03-10,567.79,570.990529392041,573.1483921349547,573.814583490506,,,,
2025-03-11,571.41,571.1303529280274,572.8323208376902,573.5140105541927,,,,
2025-03-12,562.1,568.1202352853516,570.8809897762919,572.0872592349186,,,,
2025-03-16,539.0,558.4134901902344,565.0844461806025,567.9513518305538,,,,
2025-03-17,531.5,549.4423267934897,558.9781832386748,563.3949328517346,,,,
2025-03-18,530.3,543.0615511956598,553.7639681043702,559.2580662452677,,,,
2025-03-19,515.5,533.8743674637733,546.8068829944847,553.7883079646092,,,,
2025-03-20,509.53,525.7595783091822,540.0292679045783,548.256019469033,525.1659999999999,556.4507484584869,558.9942089572394,554.4674232287117
2025-03-23,499.26,516.9263855394548,532.6166737401095,542.1315170354039,,,,
2025-03-24,505.73,513.1942570263033,527.7281876055441,537.5813274059785,,,,
2025-03-25,494.69,507.0261713508689,521.721244404536,532.2199114802312,,,,
2025-03-26,500.43,504.82744756724594,517.8501090582567,528.2461725452023,,,,
2025-03-27,509.93,506.528298378164,516.4100892294828,525.956650977052,502.008,538.3031656389913,548.6330800559231,547.9099953251227
2025-03-30,516.55,509.8688655854427,516.4355275513949,524.7808196049206,,,,
2025-04-01,509.51,509.74924372362847,515.1763407238685,522.8719671543055,,,,
2025-04-02,506.4,508.63282914908564,513.5806424104379,520.8129712600173,,,,
2025-04-03,502.25,506.50521943272383,511.5205256085401,518.4925998525151,508.6775,528.4279437593276,541.3684291366643,543.0059334094824
2025-04-07,500.14,504.3834796218159,509.45133913426,516.1985248709508,,,,
2025-04-08,500.21,502.99231974787733,507.7710956553036,514.199959262082,,,,
2025-04-09,501.07,502.3515464985849,506.55271462706656,512.5587143543218,,,,
2025-04-10,499.62,501.4410309990567,505.29222105850897,510.94137506003153,500.26,519.0386291728851,533.8941692936344,537.6626917332972
2025-04-13,497.46,500.11402066603785,503.86818086605274,509.2562031775276,,,,
2025-04-15,498.7,499.64268044402525,502.9285116176795,507.9366777803366,,,,
2025-04-16,497.45,498.91178696268355,501.9324185962832,506.6258430577945,,,,
2025-04-17,503.61,500.4778579751224,502.2374333969589,506.2488626755702,499.305,512.4607527819235,527.6052294220644,532.8679802666351
2025-04-20,499.57,500.1752386500816,501.7524455066027,505.4140048411239,,,,
2025-04-21,499.02,499.79015910005444,501.2556372326749,504.6147542359834,,,,
2025-04-22,492.06,497.2134394000363,499.58370319037033,503.04540995648546,,,,
2025-04-23,488.04,494.1556262666909,497.48484806484845,501.1697337119248,,,,
2025-04-24,481.0,489.7704175111273,494.4876029621487,498.64851699793417,491.938,505.61983518794904,521.1202786180527,527.7517327333056
2025-04-27,477.17,485.57027834075154,491.3389478781216,495.9637023731924,,,,
2025-04-28,479.31,483.4835188938344,489.1518664457358,493.88198957654333,,,,
2025-04-29,475.89,480.952345929223,486.74061800105653,491.6329908794754,,,,
2025-04-30,471.0,477.6348972861487,483.8786874554099,489.053867019541,,,,
2025-05-04,470.67,475.3132648574325,481.4771079180626,486.75588364209835,,,,
2025-05-05,471.15,473.925509904955,479.5994519329603,484.80514818683605,,,,
2025-05-06,469.5,472.4503399366367,477.7631879451493,482.89200466348154,,,,
2025-05-07,481.42,475.44022662442444,478.4280628642131,482.70800408054635,,,,
2025-05-08,493.41,481.4301510829497,481.15205143435617,484.04575357047804,477.23,489.5393711946441,506.40469064514275,515.7589438114371
2025-05-11,487.8,483.5534340552998,482.3607693553823,484.5150343741683,,,,
2025-05-13,481.09,482.73228937019985,482.1297203816764,484.08690507739726,,,,
2025-05-14,477.1,480.8548595801333,481.2152257668261,483.2135419427226,,,,
2025-05-15,473.35,478.35323972008894,479.7851847183122,481.98059919988225,479.83500000000004,486.30458079642943,501.5738378005713,511.26845083500746
2025-05-18,473.06,476.5888264800593,478.5624238604372,480.86552429989695,,,,
2025-05-19,481.43,478.2025509867062,479.0838013403577,480.9360837624098,,,,
2025-05-20,491.44,482.6150339911375,481.3303829148381,482.24907329210856,,,,
2025-05-21,492.66,485.96335599409167,483.3903132939584,483.55043913059495,,,,
2025-05-22,488.06,486.6622373293945,484.2393472405114,484.1141342392706,485.33000000000004,485.97972053095305,498.62041274592195,508.0261444806315
2025-05-25,488.7,487.34149155292965,485.05037501496383,484.6873674593617,,,,
2025-05-26,489.05,487.9109943686198,485.77757955769766,485.23269652694154,,,,
2025-05-27,482.26,486.0273295790799,485.13801963811625,484.86110946107385,,,,
2025-05-28,478.51,483.52155305272,483.9329251584587,484.0672207784396,,,,
2025-06-02,477.13,481.39103536848006,482.6960296751026,483.20006818113467,,,,
2025-06-03,473.13,478.63735691232006,480.95675155235665,481.94130965849286,,,,
2025-06-04,469.48,475.58490460821344,478.87006945192815,480.3836459511812,,,,
2025-06-05,467.65,472.93993640547563,476.83005682430485,478.7919402072836,471.84749999999997,480.9690424582014,491.6713920034683,500.94486061798347
2025-06-08,464.23,470.03662427031713,474.5391374017039,476.97169768137314,,,,
2025-06-09,464.71,468.2610828468781,472.752021510485,475.4389854712015,,,,
2025-06-10,476.54,471.02072189791875,473.44074487221496,475.57661228730126,,,,
2025-06-11,473.08,471.7071479319459,473.3751548954486,475.2645357513886,,,,
2025-06-12,470.36,471.25809862129734,472.82694491445795,474.6514687824651,469.784,477.2406949721343,487.6918661846559,497.04975304073554
2025-06-15,466.93,469.8153990808649,471.7547731118292,473.6862851846569,,,,
2025-06-16,467.91,469.1802660539099,471.0557234551329,472.9642495365748,,,,
2025-06-17,468.72,469.02684403594,470.63104646329055,472.43371834450295,,,,
2025-06-18,465.49,467.84789602396006,469.6963107426922,471.56575355144,,,,
2025-06-19,463.91,466.5352640159734,468.6442542440209,470.60878435751,466.592,473.6911299814229,483.8555268783548,493.2425339106436
2025-06-22,455.57,462.88017601064894,466.26711710874434,468.72893631282125,,,,
2025-06-23,452.28,459.3467840070993,463.72400490715444,466.6728192737186,,,,
2025-06-24,451.91,456.8678560047329,461.57600401494454,464.8274668645037,,,,
2025-06-25,450.26,454.66523733648864,459.5185487395001,463.00653350644075,,,,
2025-06-26,450.47,453.26682489099244,457.87335805959094,461.43946681813566,452.09799999999996,466.49341998761525,478.08143108229024,488.09946717181316
2025-06-29,458.02,454.851216593995,457.90002023057434,461.0120334658687,,,,
2025-06-30,462.16,457.28747772933,458.6745620068335,461.1555292826351,,,,
2025-07-01,465.67,460.0816518195534,459.9464598237729,461.7198381223057,,,,
2025-07-02,478.91,466.3577678797023,463.3943762194505,463.8686083570175,,,,
2025-07-03,488.3,473.6718452531349,467.92267145227765,466.92253231239033,470.61199999999997,467.8662799917435,476.72335270369194,485.91353377533653
2025-07-06,479.6,475.6478968354233,470.045822097318,468.50721577334156,,,,
2025-07-07,472.94,474.7452645569489,470.572036261442,469.06131380167386,,,,
2025-07-08,470.18,473.22350970463265,470.5007569411798,469.2011495764646,,,,
2025-07-09,473.26,473.2356731364218,471.0024374973289,469.7085058794065,,,,
2025-07-10,477.55,474.6737820909479,472.19290340690543,470.68869264448074,474.706,470.14618666116235,476.35656130302067,484.5125920534195
2025-07-13,476.71,475.3525213939653,473.01419369655895,471.44135606392064,,,,
2025-07-14,470.7,473.8016809293102,472.59343120627545,471.34868655593056,,,,
2025-07-15,474.12,473.9077872862068,472.8709891687708,471.6951007364392,,,,
2025-07-16,474.24,474.0185248574712,473.11990022899425,472.0132131443843,,,,
2025-07-17,492.93,480.32234990498085,476.7217365509953,474.6278115013362,477.73999999999995,472.67745777410823,476.60809561156236,483.666018046742
2025-07-20,495.92,485.5215666033206,480.21232990535975,477.2893350636692,,,,
2025-07-21,499.53,490.1910444022138,483.7246335589307,480.0694181807106,,,,
2025-07-22,526.23,502.2040296014759,491.45288200276144,485.8394909081218,,,,
2025-07-23,526.33,510.2460197343173,497.7941761840775,490.90080454460656,,,,
2025-07-24,522.09,514.1940131562116,502.2115986960634,494.79945397653074,514.0200000000001,486.4583051827389,483.41026004582375,487.46026579089926
2025-07-27,513.58,513.9893421041411,504.27858075132457,497.14702222946437,,,,
2025-07-28,511.07,513.0162280694274,505.5133842510837,498.88739445078136,,,,
2025-07-29,520.98,515.6708187129516,508.3254962054321,501.6489701444337,,,,
2025-07-30,510.47,513.9372124753011,508.7154059862626,502.7515988763795,,,,
2025-07-31,501.33,509.73480831686743,507.37260489785126,502.57389901683206,511.48600000000005,494.800870121826,488.5149400374921,490.46348256703686
