,s,o,h,l,c,v,t
0,ok,108.19,107.43,104.38,104.38,90,1326326400
1,ok,104.38,103.62,103.62,103.62,10,1327190400
2,ok,103.62,102.86,99.05,99.05,90,1327276800
3,ok,99.05,98.29,94.86,95.62,8380,1327449600
4,ok,95.62,96.76,95.24,96.0,3980,1327536000
5,ok,96.0,96.76,95.62,96.38,3560,1327795200
6,ok,96.38,96.38,96.0,96.38,1350,1327968000
7,ok,96.38,96.38,95.62,96.38,1140,1328054400
8,ok,96.38,96.38,95.62,95.62,1280,1328140800
9,ok,95.62,96.38,95.62,96.0,2020,1328400000
10,ok,96.0,96.38,96.0,96.38,2580,1328486400
11,ok,96.38,96.76,96.76,96.76,40,1328572800
12,ok,96.76,99.05,97.52,99.05,90,1329004800
13,ok,99.05,103.24,99.81,103.24,460,1329091200
14,ok,103.24,105.9,103.24,104.0,1740,1329177600
15,ok,104.0,103.62,101.33,103.62,1100,1329264000
16,ok,103.62,102.86,100.57,100.57,1060,1329782400
17,ok,100.57,100.95,98.67,99.05,4200,1329955200
18,ok,99.05,100.19,99.81,99.81,690,1330214400
19,ok,99.81,100.19,99.05,100.19,720,1330300800
20,ok,100.19,100.19,99.81,99.81,120,1330387200
21,ok,99.81,99.81,99.81,99.81,1380,1330473600
22,ok,99.81,99.81,99.05,99.81,1410,1330560000
23,ok,99.81,101.33,100.57,100.95,1270,1330819200
24,ok,100.95,100.95,100.19,100.95,2100,1330905600
25,ok,100.95,102.1,101.33,101.33,2210,1330992000
26,ok,101.33,100.95,100.57,100.57,1410,1331424000
27,ok,100.57,99.81,98.67,98.67,2160,1331510400
28,ok,98.67,99.05,98.29,99.05,1530,1331596800
29,ok,99.05,99.05,98.29,99.05,2220,1331683200
30,ok,99.05,100.95,99.81,100.95,1040,1331769600
31,ok,100.95,100.95,100.95,100.95,220,1332115200
32,ok,100.95,100.57,100.19,100.57,520,1332288000
33,ok,100.57,100.57,100.57,100.57,510,1332633600
34,ok,100.57,100.57,100.19,100.57,1380,1332720000
35,ok,100.57,100.57,100.19,100.19,270,1332806400
36,ok,100.19,100.57,100.19,100.57,90,1332979200
37,ok,100.57,100.57,99.81,100.19,320,1333238400
38,ok,100.19,100.19,99.81,99.81,920,1333324800
39,ok,99.81,100.57,100.57,100.57,80,1333411200
40,ok,100.57,102.1,101.33,102.1,170,1333584000
41,ok,102.1,101.33,100.95,100.95,110,1334016000
42,ok,100.95,100.19,100.19,100.19,80,1334102400
43,ok,100.19,100.95,100.95,100.95,160,1334188800
44,ok,100.95,102.48,101.71,102.48,70,1334448000
45,ok,102.48,103.24,102.86,102.86,260,1334620800
46,ok,102.86,103.62,103.62,103.62,80,1334707200
47,ok,103.62,104.76,104.38,104.76,300,1334793600
48,ok,104.76,105.52,105.52,105.52,90,1335398400
49,ok,105.52,108.57,106.29,108.57,100,1335744000
50,ok,108.57,108.57,107.05,107.05,990,1336608000
51,ok,107.05,106.29,106.29,106.29,40,1337212800
52,ok,106.29,107.43,107.05,107.43,220,1337558400
53,ok,107.43,106.67,106.67,106.67,100,1337644800
54,ok,106.67,105.9,105.14,105.14,16120,1337817600
55,ok,105.14,104.38,100.57,100.57,8150,1338249600
56,ok,100.57,99.81,96.38,96.38,12020,1338336000
57,ok,96.38,98.67,94.86,98.67,5520,1338422400
58,ok,98.67,99.43,96.76,97.52,9230,1338681600
59,ok,97.52,97.9,96.76,97.9,400,1338768000
60,ok,97.9,97.14,96.0,96.0,3590,1338854400
61,ok,96.0,97.14,95.62,95.62,9280,1338940800
62,ok,95.62,97.14,96.38,96.76,2980,1339286400
63,ok,96.76,96.76,96.0,96.0,240,1339372800
64,ok,96.0,97.52,96.38,96.76,2840,1339459200
65,ok,96.76,97.14,96.38,97.14,1650,1339545600
66,ok,97.14,97.9,97.14,97.14,2580,1339632000
67,ok,97.14,98.67,97.9,98.67,2940,1339891200
68,ok,98.67,100.19,99.43,99.43,2070,1339977600
69,ok,99.43,100.95,100.19,100.95,630,1340064000
70,ok,100.95,100.95,97.14,97.14,2030,1340150400
71,ok,97.14,97.52,97.14,97.52,380,1340236800
72,ok,97.52,98.67,97.14,98.67,2850,1340582400
73,ok,98.67,99.43,99.43,99.43,60,1340668800
74,ok,99.43,98.67,98.67,98.67,40,1340755200
75,ok,98.67,97.9,97.14,97.52,420,1340841600
76,ok,97.52,96.76,96.76,96.76,930,1385510400
77,ok,96.76,97.14,96.38,96.38,750,1385596800
78,ok,96.38,96.38,96.38,96.38,150,1386201600
79,ok,96.38,95.62,95.62,95.62,800,1386460800
80,ok,95.62,96.38,95.62,95.62,950,1387670400
81,ok,95.62,94.86,94.86,94.86,280,1388275200
82,ok,94.86,94.48,94.1,94.1,1550,1389139200
83,ok,94.1,94.1,93.33,94.1,4370,1389225600
84,ok,94.1,94.86,94.48,94.48,440,1389484800
85,ok,94.48,95.62,94.48,94.48,2290,1389571200
86,ok,94.48,95.24,94.1,94.48,1730,1389657600
87,ok,94.48,94.1,94.1,94.1,60,1389830400
88,ok,94.1,96.0,94.48,95.24,920,1390089600
89,ok,95.24,96.38,96.0,96.38,100,1390176000
90,ok,96.38,97.52,97.14,97.52,540,1390262400
91,ok,97.52,101.33,98.29,101.33,750,1390348800
92,ok,101.33,105.14,100.57,105.14,2250,1390435200
93,ok,105.14,109.71,105.9,109.71,2480,1390694400
94,ok,109.71,114.67,108.95,113.52,5060,1390780800
95,ok,113.52,116.57,113.52,115.43,4930,1390867200
96,ok,115.43,114.29,111.62,111.62,1370,1390953600
97,ok,111.62,110.86,110.86,110.86,60,1391385600
98,ok,110.86,110.86,110.1,110.86,650,1391644800
99,ok,110.86,110.1,109.33,109.33,990,1391904000
100,ok,109.33,108.57,107.81,107.81,750,1391990400
101,ok,107.81,108.57,107.81,107.81,1330,1392076800
102,ok,107.81,107.05,106.29,106.29,1200,1392163200
103,ok,106.29,107.05,105.9,106.67,2730,1392249600
104,ok,106.67,107.43,105.9,106.67,2690,1392508800
105,ok,106.67,105.9,105.9,105.9,280,1392595200
106,ok,105.9,106.67,105.14,106.67,440,1392681600
107,ok,106.67,107.43,105.9,107.43,740,1392854400
108,ok,107.43,107.43,107.43,107.43,30,1393113600
109,ok,107.43,106.67,105.9,106.67,1950,1393200000
110,ok,106.67,105.9,105.9,105.9,890,1394582400
111,ok,105.9,105.9,105.9,105.9,250,1394668800
112,ok,105.9,105.14,102.1,102.1,240,1395014400
113,ok,102.1,101.33,97.9,97.9,600,1395273600
114,ok,97.9,97.14,95.24,95.24,3820,1395532800
115,ok,95.24,97.52,96.0,97.52,3620,1395619200
116,ok,97.52,98.29,98.29,98.29,3200,1395705600
117,ok,98.29,97.52,97.52,97.52,5330,1395878400
118,ok,97.52,97.52,97.52,97.52,310,1396224000
119,ok,97.52,98.29,96.0,97.52,1300,1396396800
120,ok,97.52,96.76,96.0,96.0,210,1396483200
121,ok,96.0,97.52,96.76,97.52,550,1396742400
122,ok,97.52,97.14,96.0,97.14,580,1397001600
123,ok,97.14,97.14,97.14,97.14,120,1397088000
124,ok,97.14,96.38,96.38,96.38,240,1397347200
125,ok,96.38,97.14,97.14,97.14,60,1397520000
126,ok,97.14,97.14,96.38,96.38,2020,1397952000
127,ok,96.38,97.14,97.14,97.14,30,1398038400
128,ok,97.14,97.52,97.52,97.52,110,1398124800
129,ok,97.52,98.29,97.14,98.29,450,1398211200
130,ok,98.29,99.05,97.52,97.52,700,1398556800
131,ok,97.52,97.9,97.14,97.14,380,1398643200
132,ok,97.14,98.29,97.14,97.52,260,1398729600
133,ok,97.52,97.52,97.52,97.52,40,1398816000
134,ok,97.52,97.52,97.14,97.52,180,1399248000
135,ok,97.52,98.29,97.52,98.29,1600,1399334400
136,ok,98.29,98.67,97.9,98.67,750,1399420800
137,ok,98.67,97.9,97.9,97.9,390,1399766400
138,ok,97.9,97.14,95.62,97.14,840,1399939200
139,ok,97.14,96.38,95.24,95.24,1100,1400371200
140,ok,95.24,95.24,94.86,95.24,850,1400544000
141,ok,95.24,96.0,96.0,96.0,40,1400630400
142,ok,96.0,99.81,96.76,99.81,1250,1400716800
143,ok,99.81,102.1,99.81,99.81,7870,1400976000
144,ok,99.81,100.19,97.9,97.9,2320,1401062400
145,ok,97.9,97.52,95.62,97.14,3890,1401148800
146,ok,97.14,97.9,96.38,96.76,2640,1401235200
147,ok,96.76,100.57,97.52,100.57,2790,1401580800
148,ok,100.57,102.48,101.33,102.48,1370,1401667200
149,ok,102.48,104.0,103.24,103.62,970,1401753600
150,ok,103.62,104.38,102.86,103.62,1450,1401840000
151,ok,103.62,102.86,102.86,102.86,120,1401926400
152,ok,102.86,104.38,102.86,104.38,370,1402185600
153,ok,104.38,103.62,103.62,103.62,770,1402272000
154,ok,103.62,102.86,102.86,102.86,1540,1402358400
155,ok,102.86,102.86,101.33,102.86,1210,1402444800
156,ok,102.86,102.1,100.57,100.57,260,1402790400
157,ok,100.57,99.81,98.29,99.05,1800,1402876800
158,ok,99.05,100.19,97.52,100.19,4260,1402963200
159,ok,100.19,104.38,100.95,104.38,5180,1403049600
160,ok,104.38,104.38,102.48,103.62,6000,1403136000
161,ok,103.62,106.29,104.38,106.29,2630,1403481600
162,ok,106.29,110.86,106.67,110.86,4470,1403568000
163,ok,110.86,111.62,110.86,110.86,1810,1403654400
164,ok,110.86,110.1,109.33,109.33,60,1403740800
165,ok,109.33,108.57,107.05,107.05,640,1404000000
166,ok,107.05,106.67,105.52,105.52,490,1404086400
167,ok,105.52,110.1,104.76,109.33,4740,1404172800
168,ok,109.33,110.1,110.1,110.1,170,1404259200
169,ok,110.1,110.86,110.86,110.86,200,1404345600
170,ok,110.86,111.62,111.62,111.62,130,1404691200
171,ok,111.62,111.24,110.86,111.24,1090,1404777600
172,ok,111.24,110.86,110.48,110.48,590,1404864000
173,ok,110.48,111.24,109.71,109.71,960,1404950400
174,ok,109.71,114.29,110.48,113.52,3190,1405209600
175,ok,113.52,117.71,114.29,117.71,2320,1405296000
176,ok,117.71,117.71,116.57,116.57,750,1405382400
177,ok,116.57,116.95,116.95,116.95,180,1405468800
178,ok,116.95,118.1,118.1,118.1,120,1405555200
179,ok,118.1,116.95,116.95,116.95,380,1405900800
180,ok,116.95,115.81,114.67,114.67,290,1405987200
181,ok,114.67,120.38,114.67,120.38,6060,1406073600
182,ok,120.38,123.05,119.24,123.05,2390,1406160000
183,ok,123.05,121.9,121.9,121.9,1580,1406419200
184,ok,121.9,121.9,120.0,121.9,440,1406505600
185,ok,121.9,128.38,120.38,128.38,4570,1406678400
186,ok,128.38,130.67,127.24,127.24,3520,1406764800
187,ok,127.24,126.48,124.57,124.57,360,1407024000
188,ok,124.57,123.43,121.14,121.14,330,1407110400
189,ok,121.14,120.38,115.05,115.05,840,1407196800
190,ok,115.05,114.29,111.62,111.62,1500,1407283200
191,ok,111.62,111.62,110.1,110.1,460,1407888000
192,ok,110.1,110.86,110.86,110.86,730,1410912000
193,ok,110.86,111.62,111.62,111.62,400,1411257600
194,ok,111.62,110.86,110.1,110.1,180,1413072000
195,ok,110.1,109.33,109.33,109.33,30,1413244800
196,ok,109.33,108.57,106.29,106.29,120,1415750400
197,ok,106.29,105.52,104.76,104.76,320,1418774400
198,ok,105.52,109.33,105.52,109.33,760,1522195200
199,ok,110.1,114.29,110.1,112.38,8620,1522281600
200,ok,112.38,112.38,110.86,110.86,480,1522540800
201,ok,110.1,110.1,110.1,110.1,40,1522627200
202,ok,110.1,110.1,109.33,109.33,120,1522713600
203,ok,109.33,109.33,109.33,109.33,100,1522800000
204,ok,108.57,108.57,107.81,107.81,200,1522886400
205,ok,107.05,107.05,102.86,102.86,13520,1523232000
206,ok,102.1,102.48,101.33,101.71,1940,1523318400
207,ok,101.71,102.48,101.33,102.48,580,1523404800
208,ok,103.24,103.24,102.1,102.48,320,1523491200
209,ok,102.1,105.14,101.33,105.14,990,1523750400
210,ok,104.76,104.76,104.76,104.76,90,1523836800
211,ok,104.76,105.52,104.38,105.14,1095,1523923200
212,ok,105.9,106.67,104.76,106.67,1230,1524009600
213,ok,106.67,106.67,105.9,105.9,340,1524355200
214,ok,106.67,106.67,104.38,105.9,5142,1524441600
215,ok,106.67,106.67,105.9,106.29,740,1524528000
216,ok,105.52,105.52,105.52,105.52,200,1524614400
217,ok,104.76,105.52,103.24,104.0,1090,1524700800
218,ok,104.0,104.0,102.1,102.48,740,1524960000
219,ok,102.48,102.48,100.95,102.48,370,1525219200
220,ok,103.24,104.0,100.95,100.95,3995,1525305600
221,ok,100.57,102.48,100.19,102.48,1690,1525564800
222,ok,102.48,102.86,101.71,101.71,70,1525824000
223,ok,101.71,102.1,101.33,102.1,600,1525910400
224,ok,101.33,101.33,101.33,101.33,260,1526342400
225,ok,101.33,101.33,100.57,100.57,340,1526774400
226,ok,99.81,99.81,99.81,99.81,40,1526860800
227,ok,100.57,100.57,100.57,100.57,40,1527033600
228,ok,100.57,103.62,100.57,102.1,330,1527120000
229,ok,102.1,102.86,101.33,101.33,1590,1527465600
230,ok,100.57,100.57,100.57,100.57,60,1527552000
231,ok,100.19,100.95,100.19,100.95,150,1527638400
232,ok,101.71,101.71,101.71,101.71,20,1527724800
233,ok,101.33,101.33,101.33,101.33,30,1528070400
234,ok,101.33,101.33,100.57,100.57,190,1528329600
235,ok,99.81,99.81,99.81,99.81,30,1528675200
236,ok,100.57,100.57,100.57,100.57,240,1528761600
237,ok,100.57,100.57,99.81,99.81,320,1528934400
238,ok,100.57,100.57,100.57,100.57,100,1529193600
239,ok,99.81,99.81,99.05,99.05,100,1529366400
240,ok,98.29,99.05,98.29,99.05,220,1529452800
241,ok,98.29,98.29,98.29,98.29,140,1529539200
242,ok,98.29,98.29,98.29,98.29,210,1529798400
243,ok,97.52,97.52,96.76,96.76,100,1529884800
244,ok,96.0,96.0,96.0,96.0,300,1529971200
245,ok,95.24,95.24,95.24,95.24,240,1530144000
246,ok,96.0,96.0,96.0,96.0,270,1530403200
247,ok,96.38,96.38,95.24,95.24,760,1530489600
248,ok,96.0,96.0,95.24,96.0,365,1530576000
249,ok,95.24,95.24,95.24,95.24,40,1530662400
250,ok,95.24,96.0,95.24,96.0,1740,1530748800
251,ok,96.0,97.52,96.0,97.52,200,1531008000
252,ok,98.29,98.29,98.29,98.29,60,1531094400
253,ok,97.52,97.9,97.52,97.9,380,1531267200
254,ok,97.14,97.14,97.14,97.14,50,1531612800
255,ok,96.38,96.38,96.38,96.38,200,1531958400
256,ok,95.62,95.62,95.62,95.62,120,1532217600
257,ok,96.38,96.38,96.38,96.38,110,1532304000
258,ok,96.0,96.0,96.0,96.0,90,1532390400
259,ok,96.0,96.0,95.24,95.24,500,1532476800
260,ok,95.24,95.24,95.24,95.24,850,1532822400
261,ok,96.0,96.0,96.0,96.0,100,1533081600
262,ok,95.24,95.24,95.24,95.24,1000,1533168000
263,ok,95.24,95.24,95.24,95.24,1000,1534291200
264,ok,96.0,97.9,96.0,97.52,3145,1534377600
265,ok,98.29,99.81,98.29,98.29,700,1534636800
266,ok,97.52,97.52,96.76,96.76,80,1534723200
267,ok,96.0,96.0,96.0,96.0,120,1534809600
268,ok,95.24,95.24,95.24,95.24,120,1535414400
269,ok,95.24,95.24,95.24,95.24,60,1535500800
270,ok,95.24,95.24,95.24,95.24,50,1535846400
271,ok,95.62,96.76,95.24,95.24,1730,1536019200
272,ok,95.62,97.14,95.62,97.14,330,1536105600
273,ok,96.76,96.76,96.0,96.0,160,1536192000
274,ok,95.62,96.0,95.62,95.62,8730,1536451200
275,ok,95.62,95.62,95.24,95.24,330,1536537600
276,ok,95.24,96.38,95.24,96.38,1885,1537228800
277,ok,96.0,96.0,95.24,95.24,150,1537401600
278,ok,95.24,95.24,94.48,94.48,1100,1537833600
279,ok,94.86,95.24,94.86,94.86,680,1537920000
280,ok,95.24,96.0,95.24,95.62,2070,1538006400
281,ok,95.62,95.62,95.62,95.62,70,1538265600
282,ok,94.86,95.24,94.86,95.24,1080,1538352000
283,ok,95.24,96.38,95.24,96.38,970,1538438400
284,ok,96.38,96.38,95.62,96.0,7020,1538524800
285,ok,96.38,96.76,96.38,96.38,240,1538611200
286,ok,95.62,95.62,95.62,95.62,140,1538870400
287,ok,95.62,95.62,95.62,95.62,90,1539043200
288,ok,94.86,95.24,94.86,95.24,370,1539129600
289,ok,95.24,95.24,95.24,95.24,130,1539216000
290,ok,95.62,95.62,94.86,95.24,620,1539475200
291,ok,96.0,96.0,94.48,94.48,410,1539561600
292,ok,94.48,94.48,94.1,94.48,120,1545091200
293,ok,94.48,94.48,94.48,94.48,40,1545177600
294,ok,94.48,94.86,94.48,94.86,90,1545264000
295,ok,94.86,94.86,94.48,94.48,40,1545609600
296,ok,94.48,94.48,94.48,94.48,218,1545696000
297,ok,94.48,94.86,94.48,94.86,990,1545782400
298,ok,94.86,95.24,94.86,95.24,18,1546214400
299,ok,95.24,95.24,95.24,95.24,50,1546473600
300,ok,94.48,94.48,94.1,94.48,160,1546992000
301,ok,94.48,94.48,94.48,94.48,100,1548288000
302,ok,94.48,94.48,93.71,93.71,110,1548720000
303,ok,93.33,93.71,93.33,93.33,30,1549152000
304,ok,92.95,93.33,92.95,92.95,200,1549324800
305,ok,92.95,93.71,92.95,93.33,1410,1549411200
306,ok,93.71,93.71,93.33,93.71,10,1549497600
307,ok,93.33,93.71,92.95,92.95,230,1549843200
308,ok,92.57,92.95,92.57,92.95,670,1549929600
309,ok,93.33,94.1,92.95,94.1,30,1550016000
310,ok,94.1,94.1,93.33,93.33,330,1550361600
311,ok,92.95,93.33,92.95,92.95,60,1550534400
312,ok,92.57,92.95,91.43,91.43,830,1550620800
313,ok,91.43,91.43,91.05,91.05,210,1550707200
314,ok,91.05,91.43,91.05,91.43,1080,1551052800
315,ok,91.81,91.81,91.43,91.43,180,1551139200
316,ok,91.81,91.81,91.43,91.81,170,1551225600
317,ok,91.43,91.43,91.43,91.43,130,1551571200
318,ok,91.81,91.81,91.43,91.81,100,1551744000
319,ok,92.19,92.19,91.81,91.81,120,1551830400
320,ok,92.19,92.19,91.81,92.19,1210,1551916800
321,ok,92.57,92.57,92.19,92.57,10,1552262400
322,ok,92.95,94.86,92.57,94.86,1830,1552348800
323,ok,94.86,95.24,94.86,95.24,1130,1552435200
324,ok,94.1,94.1,93.71,94.1,270,1552521600
325,ok,94.48,94.48,94.48,94.48,60,1552780800
326,ok,94.86,94.86,94.86,94.86,10,1552867200
327,ok,94.48,94.48,94.48,94.48,200,1553558400
328,ok,94.86,94.86,94.1,94.48,1030,1553990400
329,ok,94.86,94.86,94.86,94.86,30,1554595200
330,ok,94.86,94.86,94.48,94.48,130,1554681600
331,ok,94.48,94.1,92.95,92.95,450,1555459200
332,ok,92.57,92.57,92.57,92.57,370,1555891200
333,ok,92.19,92.19,92.19,92.19,40,1555977600
334,ok,91.81,92.57,91.81,92.57,540,1556064000
335,ok,92.95,92.95,92.95,92.95,130,1556150400
336,ok,93.33,93.33,92.57,92.57,1100,1556409600
337,ok,92.19,92.19,91.81,91.81,1200,1557014400
338,ok,91.43,91.81,91.43,91.81,120,1557100800
339,ok,91.81,91.81,91.81,91.81,60,1557273600
340,ok,91.81,91.81,91.43,91.43,2040,1557360000
341,ok,91.81,91.81,91.81,91.81,60,1557619200
342,ok,93.33,94.48,93.33,94.48,250,1557705600
343,ok,96.0,97.9,96.0,97.14,2390,1557792000
344,ok,97.14,97.52,96.38,97.14,4765,1557878400
345,ok,97.52,97.52,95.62,95.62,550,1557964800
346,ok,96.38,99.43,94.86,99.43,4900,1558224000
347,ok,101.33,103.62,101.33,103.62,4810,1558310400
348,ok,104.38,108.19,104.38,108.19,11550,1558396800
349,ok,110.48,113.14,106.67,108.95,24615,1558483200
350,ok,109.33,109.33,104.76,105.52,3120,1558569600
351,ok,104.76,104.76,103.24,103.24,4390,1558828800
352,ok,102.48,102.86,101.33,102.1,5210,1558915200
353,ok,102.86,102.86,101.71,102.48,1040,1559001600
354,ok,103.24,105.14,103.24,105.14,690,1559088000
355,ok,105.9,106.67,105.9,105.9,3215,1559174400
356,ok,105.9,105.9,105.14,105.14,1420,1559433600
357,ok,105.52,105.52,102.48,102.48,1620,1559520000
358,ok,101.71,101.71,100.57,100.57,2110,1559606400
359,ok,101.33,104.76,101.33,104.76,1890,1559779200
360,ok,105.52,107.05,105.14,105.14,1210,1560124800
361,ok,105.9,105.9,105.14,105.14,500,1560211200
362,ok,104.38,104.38,102.1,102.1,2020,1560297600
363,ok,102.48,104.38,102.48,104.38,580,1560384000
364,ok,103.62,103.62,103.62,103.62,10,1560643200
365,ok,102.86,104.38,102.1,104.38,2070,1560729600
366,ok,106.67,106.67,104.38,104.38,1310,1560816000
367,ok,104.38,104.38,102.86,102.86,1720,1560988800
368,ok,103.62,103.62,102.86,103.62,2410,1561248000
369,ok,104.38,104.38,102.86,102.86,420,1561334400
370,ok,102.86,102.86,102.86,102.86,90,1561507200
371,ok,102.86,102.86,101.71,101.71,600,1561852800
372,ok,100.95,102.48,100.95,102.48,600,1561939200
373,ok,101.71,102.48,101.71,101.71,1560,1562025600
374,ok,103.62,103.62,102.86,102.86,2630,1562198400
375,ok,102.86,104.0,102.86,104.0,930,1562457600
376,ok,105.52,105.52,105.52,105.52,10,1562544000
377,ok,104.76,104.76,104.76,104.76,190,1562630400
378,ok,104.0,104.0,102.48,102.48,820,1562716800
379,ok,101.71,103.24,101.71,103.24,290,1562803200
380,ok,102.48,102.48,102.48,102.48,25,1563235200
381,ok,102.48,103.24,102.48,103.24,190,1563321600
382,ok,102.48,102.48,101.71,102.48,1150,1563667200
383,ok,102.48,102.48,102.48,102.48,120,1563753600
384,ok,103.24,104.0,103.24,104.0,390,1563840000
385,ok,103.62,104.38,103.62,104.38,300,1563926400
386,ok,103.62,103.62,103.62,103.62,2000,1564012800
387,ok,104.38,104.38,104.0,104.38,710,1564272000
388,ok,104.38,104.38,103.62,103.62,2360,1564358400
389,ok,104.0,104.38,103.24,104.38,270,1564444800
390,ok,103.62,104.38,103.62,104.0,830,1564531200
391,ok,103.24,105.52,103.24,105.52,2690,1564617600
392,ok,106.29,106.29,103.24,103.24,1010,1564876800
393,ok,103.62,104.0,103.62,104.0,160,1564963200
394,ok,103.24,103.24,103.24,103.24,200,1565049600
395,ok,103.24,103.24,103.24,103.24,200,1565136000
396,ok,102.48,102.48,102.48,102.48,90,1565222400
397,ok,101.71,101.71,101.71,101.71,40,1565481600
398,ok,102.1,102.1,102.1,102.1,50,1565568000
399,ok,102.48,102.86,102.48,102.86,150,1565654400
400,ok,103.62,103.62,102.86,102.86,50,1565740800
401,ok,102.1,102.1,102.1,102.1,40,1566172800
402,ok,102.1,102.1,102.1,102.1,60,1566345600
403,ok,101.33,101.33,101.33,101.33,300,1566691200
404,ok,100.95,100.95,100.95,100.95,100,1566864000
405,ok,101.71,101.71,101.71,101.71,100,1566950400
406,ok,102.1,102.48,102.1,102.48,685,1567036800
407,ok,101.71,101.71,101.71,101.71,230,1567296000
408,ok,101.33,101.33,101.33,101.33,140,1567382400
409,ok,101.33,101.33,101.33,101.33,400,1567468800
410,ok,101.71,101.71,101.71,101.71,46,1567900800
411,ok,102.1,102.1,102.1,102.1,164,1567987200
412,ok,101.71,101.71,100.95,100.95,130,1568073600
413,ok,100.95,100.95,100.19,100.19,1930,1568246400
414,ok,99.43,99.43,98.67,98.67,450,1568764800
415,ok,99.43,99.43,99.43,99.43,760,1569110400
416,ok,98.67,98.67,98.67,98.67,90,1569196800
417,ok,97.9,98.67,97.9,98.67,410,1569283200
418,ok,97.9,97.9,96.38,97.14,790,1569456000
419,ok,97.52,97.52,97.52,97.52,220,1569715200
420,ok,97.14,97.14,97.14,97.14,25,1571184000
421,ok,96.76,96.76,96.76,96.76,1120,1571270400
422,ok,96.0,96.76,96.0,96.76,510,1577059200
423,ok,96.76,96.76,96.76,96.76,50,1577145600
424,ok,96.76,96.76,96.76,96.76,100,1577232000
425,ok,97.52,98.29,97.52,97.9,625,1577318400
426,ok,98.67,98.67,98.67,98.67,600,1577577600
427,ok,99.43,99.43,99.43,99.43,10,1577664000
428,ok,100.19,103.24,100.19,102.1,430,1577750400
429,ok,102.86,102.86,102.86,102.86,10,1577836800
430,ok,103.62,103.62,101.71,101.71,1310,1577923200
431,ok,100.95,100.95,99.43,99.43,570,1578182400
432,ok,100.19,101.71,100.19,101.71,310,1578268800
433,ok,102.1,104.0,102.1,104.0,7350,1578355200
434,ok,104.0,105.14,102.86,103.62,7498,1578528000
435,ok,104.0,105.52,103.24,103.24,5200,1578787200
436,ok,103.62,105.9,103.62,105.14,6800,1578873600
437,ok,104.38,104.38,103.62,104.38,670,1578960000
438,ok,105.14,105.14,104.0,105.14,2410,1579046400
439,ok,105.9,108.95,105.9,108.19,4810,1579132800
440,ok,108.95,112.0,108.95,112.0,15740,1579392000
441,ok,112.38,112.38,108.57,109.33,5830,1579478400
442,ok,108.57,109.33,108.57,108.95,1910,1579564800
443,ok,108.57,108.57,107.05,107.05,3840,1579651200
444,ok,107.05,107.05,105.9,106.67,4020,1579737600
445,ok,105.9,105.9,105.14,105.14,1160,1579996800
446,ok,104.38,105.9,104.38,105.9,260,1580083200
447,ok,105.9,105.9,105.52,105.52,563,1580169600
448,ok,104.76,105.52,104.76,105.52,90,1580256000
449,ok,105.52,108.95,105.14,108.95,660,1580601600
450,ok,109.71,109.71,108.19,108.19,1539,1580688000
451,ok,108.57,109.71,106.67,106.67,1391,1580774400
452,ok,105.9,106.67,105.9,106.67,750,1580860800
453,ok,107.43,107.43,105.52,105.52,800,1580947200
454,ok,106.29,107.43,105.9,105.9,4269,1581206400
455,ok,105.9,105.9,105.9,105.9,10,1581292800
456,ok,106.67,107.43,106.67,106.67,2671,1581379200
457,ok,106.67,109.71,106.67,109.71,1530,1581465600
458,ok,108.95,108.95,107.43,108.19,2410,1581552000
459,ok,107.05,107.05,107.05,107.05,270,1581811200
460,ok,107.81,108.95,107.43,107.43,3050,1581897600
461,ok,106.67,107.05,106.67,106.67,2000,1581984000
462,ok,106.67,106.67,106.29,106.29,220,1582070400
463,ok,106.29,107.81,107.05,107.05,2040,1582156800
464,ok,107.43,108.19,107.43,108.19,3441,1582416000
465,ok,108.19,109.33,107.81,109.33,1926,1582502400
466,ok,108.57,109.33,108.57,109.33,1316,1582588800
467,ok,110.1,110.86,109.33,110.1,1400,1582675200
468,ok,110.86,110.86,109.33,109.33,806,1582761600
469,ok,109.33,110.1,109.33,109.33,385,1583020800
470,ok,108.57,108.57,108.19,108.19,777,1583107200
471,ok,108.19,108.95,107.43,107.81,2375,1583193600
472,ok,107.05,107.43,105.14,105.14,4001,1583280000
473,ok,105.9,107.05,105.9,106.29,5210,1583366400
474,ok,105.52,105.52,105.52,105.52,100,1583798400
475,ok,104.76,106.29,104.76,106.29,800,1583884800
476,ok,107.05,107.05,105.9,105.9,410,1583971200
477,ok,105.52,105.52,102.86,102.86,5246,1584230400
478,ok,102.48,102.86,102.48,102.86,119,1584316800
479,ok,102.1,102.86,102.1,102.48,240,1584403200
480,ok,101.71,101.71,101.33,101.33,880,1584489600
481,ok,100.57,100.57,100.57,100.57,270,1589241600
482,ok,101.33,101.33,101.33,101.33,10,1593648000
483,ok,102.1,102.1,101.33,101.33,210,1593907200
484,ok,102.1,102.1,102.1,102.1,495,1594080000
485,ok,102.86,104.38,102.86,104.38,180,1594166400
486,ok,103.62,105.9,103.62,105.9,600,1594252800
487,ok,105.14,105.14,105.14,105.14,10,1594512000
488,ok,104.38,104.38,104.38,104.38,200,1594598400
489,ok,103.62,104.38,103.62,104.38,160,1594857600
490,ok,106.67,107.43,106.67,106.67,310,1595203200
491,ok,106.67,106.67,106.67,106.67,100,1595289600
492,ok,105.9,105.9,105.9,105.9,110,1595376000
493,ok,105.14,105.14,105.14,105.14,60,1595721600
494,ok,104.38,104.38,100.57,100.57,12582,1595808000
495,ok,100.57,101.33,99.05,101.33,3588,1595894400
496,ok,100.57,100.57,100.57,100.57,13,1595980800
497,ok,100.57,101.71,100.57,101.71,105,1596067200
498,ok,101.71,102.48,100.19,100.19,1137,1596326400
499,ok,99.43,100.19,99.43,100.19,50,1596412800
500,ok,99.43,100.95,99.43,100.19,459,1596585600
501,ok,100.95,101.71,100.95,101.71,107,1596672000
502,ok,102.48,102.48,100.95,100.95,170,1596931200
503,ok,100.57,101.71,100.57,100.95,989,1597017600
504,ok,100.57,102.1,100.57,100.95,1350,1597104000
505,ok,100.95,100.95,100.57,100.57,220,1597190400
506,ok,100.95,101.71,100.57,100.57,1076,1597276800
507,ok,100.95,100.95,99.81,100.57,2110,1597536000
508,ok,100.95,101.33,100.57,100.57,1422,1597622400
509,ok,100.57,100.95,100.57,100.95,159,1597708800
510,ok,101.33,101.33,100.57,100.57,490,1597795200
511,ok,100.57,101.33,100.57,101.33,2210,1597881600
512,ok,101.71,102.86,100.95,101.33,2767,1598140800
513,ok,102.1,105.14,102.1,104.38,5659,1598227200
514,ok,105.14,105.14,103.62,104.0,2047,1598313600
515,ok,104.76,104.76,103.24,103.24,1125,1598400000
516,ok,103.62,104.0,103.24,103.62,699,1598486400
517,ok,103.62,104.76,104.0,104.0,530,1598745600
518,ok,103.62,103.62,103.24,103.24,1060,1598832000
519,ok,103.62,104.0,103.24,103.62,2130,1599004800
520,ok,104.38,104.38,103.62,103.62,1047,1599091200
521,ok,102.86,105.14,102.86,104.0,788,1599350400
522,ok,104.0,104.0,103.62,103.62,100,1599436800
523,ok,103.62,104.76,103.24,104.76,1350,1599523200
524,ok,104.0,107.81,104.0,107.43,1590,1599609600
525,ok,107.43,107.43,106.29,106.29,1090,1599696000
526,ok,105.52,108.19,105.14,105.9,2745,1599955200
527,ok,105.14,107.43,105.14,107.43,5834,1600041600
528,ok,107.43,107.43,106.67,106.67,310,1600128000
529,ok,107.05,107.81,106.29,107.05,3202,1600214400
530,ok,107.81,112.0,107.81,111.62,3131,1600300800
531,ok,112.38,116.95,112.38,112.38,12675,1600560000
532,ok,111.62,112.38,110.86,110.86,3700,1600646400
533,ok,111.62,111.62,110.1,110.48,14267,1600732800
534,ok,110.48,112.0,110.1,111.62,2777,1600819200
535,ok,112.38,115.05,110.86,115.05,5615,1600905600
536,ok,114.29,118.1,114.29,117.33,13305,1601164800
537,ok,118.48,120.38,118.48,118.86,13922,1601251200
538,ok,119.24,120.38,118.48,118.86,12837,1601337600
539,ok,120.0,121.14,120.0,120.76,12600,1601424000
540,ok,120.76,126.86,120.76,126.86,6510,1601510400
541,ok,128.0,133.71,128.0,133.71,8760,1601769600
542,ok,135.24,141.33,131.81,132.57,22141,1601856000
543,ok,132.19,135.24,129.52,134.48,6472,1601942400
544,ok,133.33,140.57,132.19,138.29,11471,1602028800
545,ok,138.29,139.43,136.38,136.38,6074,1602115200
546,ok,134.86,134.86,131.43,133.33,6285,1602374400
547,ok,131.81,140.19,129.52,137.14,7838,1602460800
548,ok,137.52,139.81,134.1,134.1,9038,1602547200
549,ok,135.62,135.62,133.33,134.1,2651,1602633600
550,ok,135.62,135.62,132.57,132.57,570,1602720000
551,ok,131.43,132.19,129.14,132.19,1670,1602979200
552,ok,132.19,133.33,131.05,132.57,3214,1603065600
553,ok,132.57,136.76,131.43,134.48,2950,1603152000
554,ok,133.71,133.71,132.95,132.95,2520,1603238400
555,ok,132.57,132.57,131.43,131.43,1200,1603324800
556,ok,131.43,134.1,131.43,132.57,1640,1603843200
557,ok,132.57,133.33,132.19,133.33,80,1603929600
558,ok,133.33,133.33,132.19,133.33,290,1604188800
559,ok,133.33,133.33,131.81,132.57,4600,1604275200
560,ok,131.43,132.19,131.43,132.19,465,1604361600
561,ok,131.43,132.19,131.05,132.19,40,1604448000
562,ok,133.33,133.33,133.33,133.33,10,1604534400
563,ok,131.81,133.33,130.67,133.33,770,1604793600
564,ok,137.14,140.95,135.62,140.95,9725,1604880000
565,ok,140.95,149.33,140.95,149.33,2115,1604966400
566,ok,153.14,158.48,143.62,147.81,40898,1605052800
567,ok,152.0,152.0,143.24,146.67,10812,1605139200
568,ok,146.67,146.67,142.1,142.86,2592,1605657600
569,ok,141.71,144.0,140.19,143.62,4595,1605744000
570,ok,142.48,143.24,139.05,141.71,5640,1606003200
571,ok,142.48,144.0,140.95,144.0,4482,1606089600
572,ok,142.86,142.86,140.19,142.86,5615,1606176000
573,ok,141.33,142.1,141.33,141.33,660,1606262400
574,ok,145.52,145.52,140.57,140.57,2894,1606348800
575,ok,139.43,141.71,139.05,140.57,3540,1606608000
576,ok,140.95,145.14,140.95,140.95,2095,1606694400
577,ok,140.57,140.57,139.05,139.81,4670,1606780800
578,ok,138.67,138.67,137.14,138.67,5310,1606867200
579,ok,140.19,140.19,136.76,138.29,960,1606953600
580,ok,136.76,139.81,135.24,139.81,2705,1607212800
581,ok,140.95,141.33,136.38,139.81,3889,1607299200
582,ok,140.95,140.95,136.76,137.14,495,1607385600
583,ok,136.38,140.19,135.62,136.0,1090,1607472000
584,ok,134.48,138.29,134.48,137.52,1583,1607558400
585,ok,139.05,140.57,136.0,139.05,4840,1607817600
586,ok,137.9,140.57,137.52,140.19,1907,1607904000
587,ok,141.71,141.71,138.67,138.67,649,1607990400
588,ok,137.14,139.81,136.38,138.67,2670,1608076800
589,ok,138.67,138.67,137.14,138.29,675,1608163200
590,ok,138.29,138.29,135.24,137.14,1360,1608422400
591,ok,135.62,137.14,133.33,136.0,5110,1608508800
592,ok,137.14,138.29,134.86,138.29,1502,1608595200
593,ok,139.81,139.81,137.52,138.29,830,1608681600
594,ok,136.76,138.29,135.24,135.24,1105,1608768000
595,ok,134.1,135.62,134.1,135.24,778,1609027200
596,ok,135.62,139.05,135.62,137.52,1330,1609113600
597,ok,137.52,138.29,137.52,137.52,780,1609200000
598,ok,136.0,136.0,136.0,136.0,50,1609286400
599,ok,134.86,139.43,134.86,137.52,766,1609372800
600,ok,137.14,139.05,136.0,138.29,2690,1609632000
601,ok,137.14,138.67,137.14,137.52,2140,1609718400
602,ok,137.52,137.52,136.38,137.14,2855,1609804800
603,ok,138.29,142.86,137.14,141.71,10820,1609891200
604,ok,143.24,146.29,141.71,146.29,11208,1609977600
605,ok,147.43,155.05,147.43,155.05,14379,1610236800
606,ok,156.95,164.57,156.95,164.57,2613,1610323200
607,ok,166.48,175.24,166.48,175.24,4271,1610409600
608,ok,180.95,187.05,180.95,187.05,7738,1610496000
609,ok,193.52,200.0,193.52,200.0,2110,1610841600
610,ok,206.86,214.1,206.86,214.1,3080,1610928000
611,ok,221.71,229.71,209.52,229.71,67157,1611014400
612,ok,235.05,246.86,235.05,246.86,5170,1611100800
613,ok,256.0,265.52,256.0,265.52,15525,1611187200
614,ok,275.81,286.1,255.24,275.05,47284,1611446400
615,ok,281.9,281.9,253.33,266.67,26058,1611532800
616,ok,266.67,277.71,266.67,274.29,27794,1611619200
617,ok,276.19,276.19,262.48,266.67,8874,1611705600
618,ok,256.38,274.29,256.38,262.86,9263,1611792000
619,ok,261.33,264.76,257.14,259.05,8404,1612051200
620,ok,262.86,267.81,258.29,267.81,13019,1612137600
621,ok,272.0,276.19,270.48,272.76,5784,1612224000
622,ok,283.43,283.43,267.05,271.24,4309,1612310400
623,ok,267.05,271.24,264.76,264.76,17657,1612396800
624,ok,268.57,268.57,257.14,262.48,4268,1612656000
625,ok,262.86,266.67,249.52,265.9,6168,1612742400
626,ok,265.9,269.71,255.24,266.29,4756,1612828800
627,ok,266.67,270.48,262.86,268.57,5987,1612915200
628,ok,264.38,266.67,262.86,265.9,2536,1613001600
629,ok,268.57,286.48,267.05,282.29,20920,1613260800
630,ok,279.24,286.48,279.24,284.95,10661,1613347200
631,ok,289.14,307.43,289.14,307.43,10020,1613433600
632,ok,319.62,332.19,319.62,332.19,4200,1613520000
633,ok,345.9,359.62,318.86,348.19,40904,1613606400
634,ok,361.9,361.9,328.38,346.67,13602,1613865600
635,ok,352.0,352.0,327.62,334.86,15234,1613952000
636,ok,335.24,335.24,313.52,323.81,12156,1614038400
637,ok,323.81,329.14,319.24,326.86,5825,1614124800
638,ok,325.71,325.71,316.19,318.48,6151,1614211200
639,ok,313.52,313.52,299.81,310.48,5893,1614470400
640,ok,305.52,332.57,301.33,331.05,7273,1614556800
641,ok,331.43,331.43,308.57,312.38,8720,1614643200
642,ok,312.38,316.19,304.76,312.38,7425,1614729600
643,ok,314.29,324.19,314.29,315.05,2917,1614816000
644,ok,320.0,320.0,310.86,312.0,1765,1615161600
645,ok,314.29,323.81,309.71,312.38,3758,1615248000
646,ok,312.38,322.29,312.38,313.14,3522,1615334400
647,ok,316.19,316.19,305.9,310.48,3530,1615680000
648,ok,311.62,312.38,302.86,302.86,5325,1615766400
649,ok,307.05,307.05,300.95,301.33,4653,1615852800
650,ok,305.9,310.86,300.95,306.29,1255,1615939200
651,ok,311.24,312.38,307.43,312.38,3420,1616025600
652,ok,316.95,317.33,305.14,315.05,9008,1616284800
653,ok,310.86,310.86,303.62,304.76,6316,1616371200
654,ok,309.71,309.71,300.95,302.86,3468,1616457600
655,ok,306.67,311.24,302.48,302.86,4035,1616544000
656,ok,307.43,307.43,300.95,300.95,8974,1616630400
657,ok,297.9,315.05,297.9,304.76,2694,1616976000
658,ok,309.71,312.38,302.86,304.76,2160,1617062400
659,ok,304.76,309.71,302.86,304.76,3913,1617148800
660,ok,309.71,310.48,304.0,306.29,6850,1617235200
661,ok,311.24,311.24,303.62,304.76,3615,1617494400
662,ok,304.76,304.76,301.71,304.76,3892,1617580800
663,ok,303.24,307.05,302.1,305.14,4477,1617667200
664,ok,306.29,306.29,302.1,302.86,2336,1617753600
665,ok,304.76,306.67,302.1,304.0,2030,1617840000
666,ok,308.57,308.57,303.62,304.0,3210,1618185600
667,ok,301.71,308.57,301.71,306.29,5497,1618272000
668,ok,318.48,318.48,305.52,313.9,11125,1618444800
669,ok,318.86,323.05,314.29,316.57,12616,1618704000
670,ok,316.57,316.57,311.62,312.38,5962,1618790400
671,ok,308.57,321.9,308.57,312.38,4394,1618876800
672,ok,312.38,317.33,310.48,310.86,2789,1618963200
673,ok,305.9,314.29,305.9,312.0,1265,1619049600
674,ok,311.62,316.95,307.05,307.81,9075,1619308800
675,ok,303.24,308.95,299.81,300.95,8139,1619395200
676,ok,296.0,316.19,296.0,308.19,3440,1619481600
677,ok,308.57,312.0,304.76,304.76,1290,1619568000
678,ok,306.67,310.48,306.67,308.57,1473,1619654400
679,ok,313.52,314.29,304.0,310.48,3561,1619913600
680,ok,310.48,313.9,305.52,306.67,5896,1620000000
681,ok,311.62,311.62,304.76,307.81,2850,1620086400
682,ok,308.19,308.19,304.76,305.14,2875,1620172800
683,ok,304.76,304.76,302.1,303.24,2578,1620259200
684,ok,304.76,321.9,304.76,314.67,18750,1620518400
685,ok,319.62,319.62,310.48,313.9,5936,1620604800
686,ok,316.19,316.19,310.48,312.38,1177,1620691200
687,ok,312.38,314.29,311.62,312.76,4451,1620777600
688,ok,313.14,316.19,310.86,311.24,5044,1620864000
689,ok,316.19,316.19,312.38,314.29,6728,1621123200
690,ok,318.1,339.81,314.29,339.81,24958,1621209600
691,ok,353.9,356.57,340.19,344.0,15005,1621296000
692,ok,342.86,342.86,329.9,332.19,8847,1621382400
693,ok,332.19,351.24,329.52,332.95,9317,1621468800
694,ok,331.43,343.62,323.81,339.81,10710,1621728000
695,ok,342.86,347.81,339.05,342.86,11170,1621814400
696,ok,346.67,346.67,339.05,342.86,7760,1621900800
697,ok,339.05,348.19,335.24,339.81,7454,1622073600
698,ok,339.81,350.48,333.33,338.67,7205,1622332800
699,ok,344.0,344.0,334.1,336.38,6769,1622419200
700,ok,336.38,340.95,335.24,335.24,3388,1622505600
701,ok,335.24,337.14,330.29,332.19,4246,1622592000
702,ok,337.52,340.95,327.62,329.52,9451,1622678400
703,ok,329.52,335.62,325.71,325.71,4362,1622937600
704,ok,327.62,331.05,320.76,324.19,5125,1623024000
705,ok,329.14,329.52,322.29,323.05,7503,1623110400
706,ok,320.0,326.48,318.1,326.48,6971,1623196800
707,ok,331.43,331.81,321.14,321.14,8580,1623283200
708,ok,321.9,342.86,321.9,340.19,13591,1623542400
709,ok,354.29,354.29,333.33,336.0,8257,1623628800
710,ok,331.81,335.62,326.48,327.24,3498,1623715200
711,ok,327.24,327.62,305.14,316.19,9691,1623801600
712,ok,312.38,321.9,307.81,317.33,4951,1623888000
713,ok,318.1,323.43,307.43,311.24,5948,1624147200
714,ok,307.43,316.19,305.52,306.67,10013,1624233600
715,ok,311.62,323.81,311.62,323.81,5608,1624320000
716,ok,337.14,337.14,318.48,318.48,6502,1624406400
717,ok,323.43,333.71,310.48,318.1,4308,1624492800
718,ok,314.29,321.14,312.0,312.38,5595,1624752000
719,ok,312.38,332.19,312.38,317.71,8671,1624838400
720,ok,322.67,332.95,316.19,319.24,5085,1624924800
721,ok,332.19,332.19,316.57,319.24,6755,1625011200
722,ok,323.81,343.62,323.81,335.62,27315,1625097600
723,ok,340.95,354.29,340.95,352.76,36528,1625356800
724,ok,338.29,363.81,338.29,358.1,17960,1625443200
725,ok,343.24,369.52,343.24,368.76,24481,1625529600
726,ok,368.76,377.14,364.95,373.33,13186,1625616000
727,ok,357.71,382.86,357.71,361.9,12878,1625702400
728,ok,361.9,365.33,339.81,350.48,41335,1625961600
729,ok,350.48,356.19,340.95,344.38,12847,1626048000
730,ok,350.1,350.1,340.95,346.29,8069,1626134400
731,ok,344.38,344.76,340.95,344.0,4713,1626220800
732,ok,342.86,345.9,338.29,343.24,4864,1626307200
733,ok,346.67,352.38,342.86,347.05,7610,1626566400
734,ok,352.84,352.84,342.86,346.67,4966,1626652800
735,ok,348.95,348.95,343.24,344.76,5435,1626739200
736,ok,344.76,348.95,342.86,344.76,6837,1626912000
737,ok,344.76,345.14,341.33,344.76,8507,1627171200
738,ok,344.76,346.67,340.95,344.0,5049,1627257600
739,ok,340.95,342.86,339.09,340.95,10596,1627344000
740,ok,346.29,369.33,342.86,363.81,19012,1627430400
741,ok,363.81,369.9,352.38,359.24,11384,1627516800
742,ok,359.62,368.38,356.19,357.33,7847,1627776000
743,ok,363.05,363.05,350.48,352.38,6310,1627862400
744,ok,352.38,357.33,350.48,352.0,6253,1627948800
745,ok,350.86,354.29,350.48,353.9,8483,1628035200
746,ok,356.19,367.62,356.19,361.9,25933,1628121600
747,ok,368.0,392.38,365.71,392.38,41276,1628380800
748,ok,399.09,425.9,398.1,425.9,41472,1628467200
749,ok,433.26,452.95,426.67,432.38,19031,1628553600
750,ok,432.76,464.76,410.67,436.19,33762,1628640000
751,ok,436.19,457.14,428.61,445.71,48114,1628726400
752,ok,441.9,443.81,422.48,428.95,23063,1628985600
753,ok,430.48,466.13,427.43,466.13,51014,1629072000
754,ok,474.29,474.86,450.67,457.9,13135,1629158400
755,ok,457.52,465.9,445.71,449.52,8670,1629244800
756,ok,441.9,457.14,430.48,438.1,7676,1629331200
757,ok,434.29,437.71,420.95,424.76,5154,1629763200
758,ok,419.05,432.0,412.57,432.0,10305,1629849600
759,ok,439.47,469.49,432.0,469.49,14989,1629936000
760,ok,474.67,497.14,448.0,468.57,17993,1630195200
761,ok,476.19,487.62,438.48,487.62,14609,1630368000
762,ok,479.01,495.62,446.1,462.86,34791,1630454400
763,ok,462.86,462.86,436.57,436.57,4255,1630540800
764,ok,429.33,430.48,400.38,407.62,12094,1630800000
765,ok,400.76,441.9,396.57,441.14,7570,1630886400
766,ok,433.52,455.81,429.71,442.67,1828,1630972800
767,ok,438.1,438.1,430.48,430.48,2953,1631059200
768,ok,437.71,437.71,428.57,434.25,3360,1631145600
769,ok,440.0,440.0,430.13,430.86,7703,1631404800
770,ok,438.06,445.94,430.48,430.86,1688,1631491200
771,ok,438.06,438.1,424.0,428.57,1999,1631577600
772,ok,428.57,455.28,425.9,453.33,8188,1631664000
773,ok,445.41,445.41,413.71,420.95,6387,1631750400
774,ok,415.24,422.4,384.57,389.33,6542,1632096000
775,ok,382.86,402.55,358.1,390.48,4982,1632182400
776,ok,396.95,423.81,396.95,423.81,4280,1632268800
777,ok,431.12,431.12,403.81,409.52,6772,1632355200
778,ok,402.67,411.43,389.9,395.81,3905,1632614400
779,ok,389.71,396.19,371.81,376.0,1630,1632700800
780,ok,370.29,375.24,352.38,369.52,11780,1632787200
781,ok,369.52,386.63,363.28,382.1,3332,1632873600
782,ok,388.57,388.57,358.1,363.81,3168,1632960000
783,ok,358.13,364.57,352.76,353.14,4342,1633219200
784,ok,350.48,357.71,336.08,346.67,3148,1633305600
785,ok,352.38,368.0,352.38,360.0,1496,1633392000
786,ok,365.71,390.29,363.81,375.24,3071,1633478400
787,ok,377.14,384.76,361.14,371.43,2216,1633824000
788,ok,365.14,371.28,353.14,365.71,2454,1633910400
789,ok,365.71,371.81,354.29,358.1,1430,1634428800
790,ok,361.9,361.9,342.86,347.05,3790,1634515200
791,ok,342.86,354.29,326.1,342.55,3347,1634601600
792,ok,348.19,353.9,342.4,353.9,1640,1634688000
793,ok,358.1,358.1,343.62,346.67,309,1634774400
794,ok,348.57,356.34,342.1,347.43,1009,1635033600
795,ok,353.14,367.24,342.86,364.95,3369,1635120000
796,ok,371.05,385.14,364.84,379.05,2961,1635206400
797,ok,373.33,391.31,373.33,380.57,5521,1635292800
798,ok,375.24,380.95,368.38,377.94,1726,1635379200
799,ok,372.19,395.81,372.19,389.33,4619,1635638400
800,ok,389.33,390.48,380.57,380.95,4152,1635724800
801,ok,374.48,386.67,374.48,380.95,680,1635811200
802,ok,386.67,387.43,375.24,379.73,2133,1635897600
803,ok,374.1,392.72,374.1,377.14,680,1636329600
804,ok,373.71,375.24,355.05,356.95,5960,1636416000
805,ok,351.24,362.67,351.24,361.9,2242,1636588800
806,ok,368.0,368.0,361.9,363.31,724,1636848000
807,ok,369.1,375.24,367.62,369.52,1404,1636934400
808,ok,375.62,382.86,375.62,379.05,2259,1637020800
809,ok,374.1,384.72,373.71,384.72,5227,1637107200
810,ok,378.21,395.43,372.95,380.95,6279,1637193600
811,ok,387.43,412.95,387.43,406.86,9826,1637452800
812,ok,413.83,413.83,391.28,393.9,7509,1637539200
813,ok,399.96,404.57,387.24,394.29,5235,1637625600
814,ok,394.29,400.76,387.81,398.48,5126,1637712000
815,ok,391.7,410.78,391.7,410.78,6799,1637798400
816,ok,403.73,403.73,388.57,388.57,4338,1638057600
817,ok,382.1,412.95,382.1,385.52,1522,1638144000
818,ok,392.0,401.9,392.0,398.44,7203,1638230400
819,ok,404.57,432.53,398.48,430.48,14924,1638316800
820,ok,437.71,437.71,405.1,405.1,7014,1638403200
821,ok,412.04,426.29,401.9,407.62,5941,1638662400
822,ok,414.63,417.18,390.48,410.29,4192,1638748800
823,ok,417.14,424.0,396.19,401.52,3109,1638835200
824,ok,408.38,408.38,392.38,394.29,2047,1638921600
825,ok,387.54,397.33,384.76,397.33,3623,1639008000
826,ok,392.38,392.76,375.24,378.67,1809,1639267200
827,ok,372.3,380.95,355.43,356.95,5610,1639353600
828,ok,362.29,380.57,362.29,380.19,1133,1639440000
829,ok,386.63,399.85,374.9,383.62,5263,1639526400
830,ok,377.56,403.43,371.81,396.72,4700,1639612800
831,ok,403.5,411.43,380.95,380.95,4924,1639958400
832,ok,387.05,393.52,374.48,382.86,2422,1640044800
833,ok,384.76,389.75,379.05,389.68,7276,1640131200
834,ok,396.3,396.3,380.84,381.33,9501,1640217600
835,ok,387.81,390.48,378.21,384.76,3820,1640476800
836,ok,391.24,391.24,371.43,383.24,8257,1640563200
837,ok,383.24,383.24,370.02,380.91,2596,1640649600
838,ok,374.48,381.49,367.62,381.49,4798,1640736000
839,ok,387.81,408.0,387.81,406.48,26733,1641081600
840,ok,409.52,419.01,408.38,410.67,18289,1641168000
841,ok,414.86,417.52,407.62,413.33,11234,1641254400
842,ok,420.19,424.76,404.57,407.62,16981,1641340800
843,ok,408.0,409.52,400.76,401.52,18234,1641427200
844,ok,401.52,435.81,401.52,433.14,45738,1641686400
845,ok,438.1,476.38,438.1,476.38,3615,1641772800
846,ok,485.9,524.0,485.9,524.0,690,1641859200
847,ok,534.29,576.38,534.29,576.38,4123,1641945600
848,ok,587.9,634.0,548.86,603.81,44822,1642032000
849,ok,615.81,631.43,594.29,628.57,10874,1642291200
850,ok,640.95,640.95,606.67,619.05,15381,1642377600
851,ok,620.0,628.48,588.57,590.48,11434,1642464000
852,ok,590.48,598.1,578.1,579.05,6824,1642550400
853,ok,571.43,628.38,557.14,619.05,7471,1642636800
854,ok,619.05,623.81,590.48,600.0,6806,1642896000
855,ok,588.1,590.48,576.19,579.05,5990,1642982400
856,ok,576.19,590.48,567.62,579.05,4246,1643068800
857,ok,572.38,582.86,566.67,576.19,4677,1643155200
858,ok,566.67,600.95,566.67,573.33,2217,1643241600
859,ok,584.76,607.62,584.76,595.71,7030,1643500800
860,ok,596.19,596.19,576.19,580.95,7571,1643587200
861,ok,582.38,592.38,577.62,580.95,4727,1643673600
862,ok,581.05,590.48,572.57,572.57,6433,1643846400
863,ok,572.38,577.14,561.9,561.9,4341,1644105600
864,ok,557.14,571.14,552.38,564.76,5070,1644192000
865,ok,575.24,576.0,560.0,570.48,3320,1644278400
866,ok,565.71,565.71,559.24,561.9,974,1644364800
867,ok,554.29,557.14,544.76,545.71,1646,1644451200
868,ok,535.24,535.24,505.9,505.9,5865,1644710400
869,ok,514.29,523.81,509.52,513.52,2745,1644796800
870,ok,514.29,523.33,514.29,519.05,2180,1644883200
871,ok,519.05,523.81,509.52,512.38,1117,1644969600
872,ok,519.05,519.05,508.76,512.38,1060,1645056000
873,ok,522.57,522.57,495.24,512.38,3603,1645315200
874,ok,519.05,520.0,504.76,504.76,970,1645401600
875,ok,504.76,543.81,495.24,535.24,5758,1645488000
876,ok,535.24,588.57,533.33,553.33,6918,1645574400
877,ok,553.33,553.33,512.38,533.33,2455,1645660800
878,ok,538.1,538.1,519.05,520.0,1263,1645920000
879,ok,528.57,530.38,506.0,509.52,2483,1646006400
880,ok,500.0,504.76,487.62,487.62,1727,1646179200
881,ok,497.14,497.14,476.19,481.81,2724,1646524800
882,ok,481.9,487.62,457.33,461.9,3877,1646611200
883,ok,466.67,471.43,455.24,455.24,1974,1646784000
884,ok,447.62,476.19,447.62,475.71,1381,1646870400
885,ok,477.14,523.24,476.19,523.24,6214,1647129600
886,ok,533.62,553.71,533.62,542.86,3889,1647216000
887,ok,553.71,571.62,538.1,542.86,7084,1647302400
888,ok,532.0,541.9,522.86,538.1,1726,1647388800
889,ok,528.57,540.95,518.0,528.57,1382,1647734400
890,ok,539.05,547.62,526.0,526.0,1630,1647820800
891,ok,527.62,546.67,525.62,525.62,2677,1647907200
892,ok,516.29,536.19,516.29,519.05,3257,1647993600
893,ok,515.33,523.81,512.38,512.38,1449,1648080000
894,ok,502.95,521.9,485.71,489.52,2388,1648339200
895,ok,499.05,504.67,485.71,489.52,1976,1648425600
896,ok,499.24,499.24,485.71,495.24,285,1648512000
897,ok,500.0,500.0,485.71,495.24,3642,1648598400
898,ok,504.76,504.76,486.67,486.67,763,1648684800
899,ok,486.67,486.67,476.19,476.19,1508,1648944000
900,ok,476.19,480.95,459.05,460.0,2585,1649030400
901,ok,457.14,461.9,449.52,449.52,3630,1649116800
902,ok,458.1,458.1,447.62,447.62,752,1649203200
903,ok,447.62,458.95,442.86,452.38,3757,1649289600
904,ok,459.05,485.71,442.86,442.86,1392,1649635200
905,ok,434.38,434.38,419.24,420.29,1360,1649721600
906,ok,420.0,439.05,420.0,438.1,1762,1649808000
907,ok,438.1,460.95,430.48,430.48,1533,1650153600
908,ok,439.05,447.81,423.81,427.62,1848,1650240000
909,ok,420.0,455.43,420.0,433.33,2183,1650326400
910,ok,424.86,430.57,420.95,423.81,490,1650412800
911,ok,415.43,440.0,408.57,424.76,1898,1650499200
912,ok,432.38,467.24,424.86,466.57,2569,1650758400
913,ok,474.29,493.33,466.67,471.43,864,1650844800
914,ok,480.86,499.05,449.81,458.76,3753,1650931200
915,ok,457.14,470.1,453.33,457.14,507,1651017600
916,ok,466.29,473.24,452.38,453.33,1820,1651104000
917,ok,447.62,447.62,428.57,436.19,760,1651449600
918,ok,428.57,437.14,420.95,422.86,1192,1651622400
919,ok,422.86,445.71,412.38,412.38,1195,1651708800
920,ok,412.38,423.71,403.24,417.14,1015,1651968000
921,ok,423.81,428.57,419.05,419.05,421,1652054400
922,ok,413.33,433.24,412.38,430.48,1103,1652140800
923,ok,439.05,456.19,423.9,456.19,3154,1652227200
924,ok,464.76,474.0,438.67,452.38,1293,1652313600
925,ok,443.33,443.33,434.29,442.86,255,1652745600
926,ok,440.95,448.76,416.19,439.05,2108,1652832000
927,ok,445.71,445.71,420.0,444.29,1001,1652918400
928,ok,452.38,452.38,435.24,442.86,690,1653004800
929,ok,434.0,446.67,414.29,446.67,843,1653264000
930,ok,437.81,437.81,402.0,402.0,10594,1653350400
931,ok,394.0,394.0,361.81,373.33,65233,1653436800
932,ok,368.57,379.9,364.95,368.57,15847,1653523200
933,ok,375.9,375.9,359.05,366.67,6930,1653609600
934,ok,363.81,365.62,340.0,347.62,18757,1653868800
935,ok,340.95,340.95,323.81,327.62,23177,1653955200
936,ok,334.1,338.1,316.19,338.1,14572,1654041600
937,ok,331.43,334.29,322.86,323.81,12528,1654128000
938,ok,328.57,332.38,312.38,320.0,14367,1654214400
939,ok,324.76,324.76,309.71,314.29,12006,1654473600
940,ok,309.52,323.81,303.33,308.95,19070,1654560000
941,ok,304.76,323.81,300.0,317.14,12520,1654646400
942,ok,314.29,328.38,305.24,312.29,6308,1654732800
943,ok,306.1,309.52,294.29,301.9,13929,1654819200
944,ok,301.9,305.71,290.48,293.33,4071,1655078400
945,ok,288.57,289.52,281.81,281.81,7872,1655164800
946,ok,278.19,278.19,266.76,271.43,11339,1655251200
947,ok,266.0,279.05,261.9,273.33,6250,1655337600
948,ok,273.33,273.33,266.67,266.67,2428,1655424000
949,ok,266.67,266.67,247.62,247.71,16929,1655596800
950,ok,242.86,256.19,227.62,227.62,15930,1655683200
951,ok,229.52,240.67,226.67,240.0,8398,1655769600
952,ok,244.76,248.57,227.9,228.57,5127,1655856000
953,ok,224.0,224.0,211.43,215.24,7418,1655942400
954,ok,219.52,219.52,201.24,216.19,8716,1656028800
955,ok,220.48,237.81,214.29,237.81,13397,1656201600
956,ok,242.48,258.1,235.71,238.1,19467,1656288000
957,ok,241.9,246.57,228.57,229.71,8560,1656374400
958,ok,234.29,246.67,225.14,238.38,5908,1656460800
959,ok,243.14,262.19,238.57,261.9,26181,1656547200
960,ok,261.9,280.95,261.9,274.29,12862,1656633600
961,ok,274.29,299.05,271.43,299.05,19508,1656806400
962,ok,304.76,328.95,293.33,304.76,27905,1656892800
963,ok,300.0,319.05,288.57,304.67,19417,1656979200
964,ok,309.24,311.43,291.43,300.95,12675,1657065600
965,ok,306.67,312.76,298.1,298.19,7575,1657152000
966,ok,298.1,298.1,282.0,285.71,10981,1657238400
967,ok,281.9,281.9,262.86,262.86,12041,1657497600
968,ok,268.1,273.43,257.24,261.9,5912,1657584000
969,ok,267.14,288.1,266.67,287.62,10162,1657670400
970,ok,293.33,305.05,292.38,298.1,11163,1657756800
971,ok,298.1,299.05,290.48,297.14,1786,1657843200
972,ok,297.14,300.95,290.48,291.43,3068,1658016000
973,ok,292.38,301.14,292.38,297.14,3526,1658102400
974,ok,302.67,307.81,298.1,300.0,13860,1658188800
975,ok,306.0,317.14,298.57,299.05,4694,1658275200
976,ok,299.05,301.9,293.33,298.1,4206,1658361600
977,ok,292.38,295.24,289.52,292.38,7741,1658448000
978,ok,296.19,320.95,294.29,313.33,15481,1658620800
979,ok,319.05,333.33,319.05,332.38,18682,1658707200
980,ok,326.19,337.05,320.0,320.1,13914,1658793600
981,ok,314.29,328.57,306.67,326.57,16398,1658880000
982,ok,333.05,338.1,318.76,323.81,24110,1658966400
983,ok,323.81,346.67,323.81,335.24,8448,1659052800
984,ok,341.9,349.71,340.95,342.86,14620,1659225600
985,ok,338.1,343.81,330.57,335.24,14339,1659312000
986,ok,333.33,345.81,330.48,335.71,8786,1659398400
987,ok,338.1,344.86,322.95,336.19,12169,1659484800
988,ok,329.52,340.95,329.52,330.48,14421,1659571200
989,ok,323.9,328.48,313.62,313.81,5967,1659657600
990,ok,315.24,325.71,310.48,314.29,9033,1659830400
991,ok,320.57,327.62,310.48,311.43,13652,1659916800
992,ok,306.67,310.48,300.0,300.95,14727,1660003200
993,ok,294.95,312.29,289.14,298.1,9401,1660089600
994,ok,298.1,304.0,292.38,295.24,5587,1660176000
995,ok,295.24,298.1,288.57,295.24,4109,1660435200
996,ok,289.52,314.29,289.52,311.43,10881,1660521600
997,ok,311.43,322.86,300.0,303.81,8576,1660608000
998,ok,304.76,305.71,299.05,304.29,1976,1660694400
999,ok,309.52,315.24,300.0,315.24,4873,1660780800
1000,ok,320.95,321.52,300.95,300.95,7949,1661040000
1001,ok,300.95,306.67,300.0,302.86,6630,1661126400
1002,ok,303.81,304.76,298.1,299.05,2884,1661212800
1003,ok,304.76,304.76,295.24,300.0,4070,1661299200
1004,ok,305.71,311.33,294.29,300.95,2692,1661385600
1005,ok,295.24,295.24,289.33,291.43,2490,1661472000
1006,ok,290.48,293.33,280.95,281.9,8929,1661644800
1007,ok,278.19,285.71,278.1,283.81,5363,1661731200
1008,ok,289.43,290.48,280.0,280.95,3840,1661817600
1009,ok,286.38,286.57,276.19,278.57,2111,1661904000
1010,ok,280.95,290.48,273.05,279.05,4742,1661990400
1011,ok,279.05,295.24,279.05,283.81,3397,1662076800
1012,ok,288.57,293.33,286.67,288.57,3788,1662249600
1013,ok,290.48,290.48,283.81,285.71,3371,1662336000
1014,ok,280.95,282.86,278.1,278.1,2560,1662422400
1015,ok,277.14,281.81,274.29,274.29,2393,1662508800
1016,ok,269.52,283.81,269.52,280.57,1333,1662595200
1017,ok,275.24,280.95,274.29,279.05,2698,1662854400
1018,ok,284.57,284.57,270.48,271.43,2784,1662940800
1019,ok,271.43,280.95,271.43,275.24,3305,1663027200
1020,ok,280.67,293.24,276.19,290.48,6101,1663113600
1021,ok,290.38,291.43,273.33,274.29,4426,1663200000
1022,ok,268.86,268.86,260.48,263.81,6945,1663286400
1023,ok,259.05,261.9,253.9,253.9,3235,1663459200
1024,ok,252.38,252.38,243.9,248.57,2329,1663632000
1025,ok,248.57,261.9,248.57,254.29,1496,1663718400
1026,ok,259.33,259.33,249.71,249.71,1811,1663804800
1027,ok,247.62,247.62,231.62,240.95,3835,1664064000
1028,ok,245.71,252.48,243.62,247.62,1517,1664236800
1029,ok,247.71,251.05,243.14,247.62,2185,1664323200
1030,ok,246.67,247.71,242.67,244.0,3669,1664409600
1031,ok,248.48,258.1,248.48,256.19,704,1665273600
1032,ok,257.14,261.9,251.43,252.38,1805,1665360000
1033,ok,247.62,247.62,242.86,247.62,822,1665446400
1034,ok,242.86,262.67,242.86,256.19,1810,1665532800
1035,ok,261.24,261.9,253.33,258.1,1556,1665619200
1036,ok,258.1,258.1,247.9,251.43,1861,1665878400
1037,ok,247.62,252.29,244.29,246.67,708,1665964800
1038,ok,247.62,249.52,241.9,242.86,880,1666137600
1039,ok,243.81,248.57,238.1,244.76,1315,1666224000
1040,ok,245.71,249.52,241.05,242.0,945,1666483200
1041,ok,246.76,246.76,240.95,245.71,539,1667174400
1042,ok,249.43,261.43,248.57,252.67,10265,1667260800
1043,ok,257.71,276.19,257.71,274.76,19650,1667347200
1044,ok,273.33,285.71,271.71,275.71,3239,1667433600
1045,ok,278.1,287.33,266.29,287.33,6732,1667692800
1046,ok,281.9,288.57,276.19,279.05,7975,1667779200
1047,ok,283.81,283.81,271.43,275.24,2935,1667865600
1048,ok,280.0,282.86,258.1,261.9,5466,1667952000
1049,ok,267.14,267.14,252.38,252.38,3620,1668038400
1050,ok,257.43,261.9,253.33,253.33,2490,1668297600
1051,ok,258.38,268.67,258.38,268.67,1528,1668384000
1052,ok,268.57,273.52,261.9,269.05,1900,1668470400
1053,ok,274.0,274.0,266.67,271.43,233,1668556800
1054,ok,275.24,277.14,272.38,276.19,5543,1668643200
1055,ok,280.48,285.71,272.38,272.38,7461,1669075200
1056,ok,272.38,275.24,267.24,268.57,1725,1669161600
1057,ok,273.33,276.1,269.52,271.43,1698,1669248000
1058,ok,268.57,282.86,266.67,282.67,4455,1669507200
1059,ok,278.1,288.29,276.19,276.19,7367,1669593600
1060,ok,276.19,280.95,272.38,276.19,1691,1669680000
1061,ok,271.9,279.71,271.9,276.19,310,1669766400
1062,ok,280.95,280.95,275.33,277.14,1623,1669852800
1063,ok,279.05,280.0,271.9,271.9,1775,1670112000
1064,ok,275.24,275.24,263.33,266.67,4773,1670198400
1065,ok,261.9,266.67,260.48,261.9,3700,1670284800
1066,ok,261.9,261.9,257.14,260.95,863,1670371200
1067,ok,260.95,260.95,252.38,257.14,1956,1670716800
1068,ok,256.19,262.86,253.33,258.19,1503,1670803200
1069,ok,259.05,262.29,254.38,257.14,582,1670889600
1070,ok,257.14,263.81,257.14,263.81,837,1670976000
1071,ok,264.76,264.76,260.0,262.86,1555,1671062400
1072,ok,257.81,262.95,252.67,252.67,1177,1671321600
1073,ok,253.33,257.33,250.0,257.33,4125,1671408000
1074,ok,261.71,261.71,252.38,252.38,1550,1671494400
1075,ok,252.38,255.24,247.33,249.52,3621,1671580800
1076,ok,250.48,250.48,245.71,245.71,1963,1671667200
1077,ok,250.48,261.9,250.48,260.95,4080,1672012800
1078,ok,266.0,282.86,266.0,279.05,11381,1672099200
1079,ok,280.95,282.86,269.52,279.05,4359,1672185600
1080,ok,277.14,290.48,276.19,289.52,5914,1672272000
1081,ok,295.24,301.9,285.71,292.38,10315,1672531200
1082,ok,292.57,295.24,281.9,291.43,5332,1672617600
1083,ok,289.52,292.38,283.14,283.14,7755,1672704000
1084,ok,282.86,300.95,282.86,300.95,15418,1672790400
1085,ok,306.67,315.24,301.9,306.67,17779,1672876800
1086,ok,312.38,323.43,311.43,313.62,20244,1673136000
1087,ok,318.95,328.48,314.29,328.48,11658,1673222400
1088,ok,334.95,342.86,308.57,314.29,19442,1673308800
1089,ok,320.57,326.67,300.0,301.9,15160,1673481600
1090,ok,304.76,326.19,300.95,322.86,12935,1673913600
1091,ok,322.86,340.95,316.19,321.9,12464,1674000000
1092,ok,323.81,330.48,319.05,328.29,13343,1674086400
1093,ok,329.05,329.05,316.0,316.1,7552,1674432000
1094,ok,314.29,318.57,295.24,303.81,12300,1674518400
1095,ok,309.81,322.86,306.67,312.57,5260,1674604800
1096,ok,318.67,323.81,307.62,315.24,4089,1674691200
1097,ok,310.48,317.43,304.76,307.62,5052,1674950400
1098,ok,302.95,309.52,296.19,296.19,5758,1675036800
1099,ok,290.48,304.0,286.67,300.0,8439,1675123200
1100,ok,304.76,304.76,294.48,302.38,4159,1675209600
1101,ok,307.62,308.1,292.38,293.33,7157,1675296000
1102,ok,288.95,303.81,288.95,299.05,2906,1675555200
1103,ok,293.24,298.57,291.43,296.19,5107,1675641600
1104,ok,302.1,314.29,300.57,312.38,7794,1675728000
1105,ok,318.57,324.76,314.29,316.19,28451,1675814400
1106,ok,320.95,324.76,314.57,323.81,13571,1675900800
1107,ok,317.33,321.9,308.0,314.29,18142,1676160000
1108,ok,319.05,324.76,313.43,315.43,11552,1676332800
1109,ok,320.95,329.52,319.05,328.57,18543,1676419200
1110,ok,320.95,329.52,319.05,328.57,18543,1676419200
1111,ok,323.81,325.81,314.29,316.19,5655,1676505600
1112,ok,321.9,321.9,310.48,310.48,6805,1676851200
1113,ok,316.6,326.0,316.5,326.0,1917,1677024000
1114,ok,319.5,324.0,310.0,320.5,5483,1677110400
1115,ok,318.0,319.0,300.0,319.0,10241,1677369600
1116,ok,315.0,325.0,309.0,316.5,2317,1677456000
1117,ok,310.3,320.0,310.2,314.0,4821,1677542400
1118,ok,312.0,312.0,301.8,309.0,6145,1677628800
1119,ok,305.1,309.0,300.0,307.0,5400,1677715200
1120,ok,302.0,302.0,294.9,297.0,4447,1677974400
1121,ok,302.0,308.0,300.0,303.9,4517,1678147200
1122,ok,309.9,315.9,303.0,314.0,2564,1678320000
1123,ok,315.0,315.0,305.0,309.5,1631,1678579200
1124,ok,315.0,315.0,297.0,304.0,1705,1678665600
1125,ok,304.0,315.0,298.1,311.1,2722,1678752000
1126,ok,307.0,311.0,305.0,311.0,1735,1678838400
1127,ok,306.0,310.8,300.0,306.0,3013,1678924800
1128,ok,312.0,312.0,302.0,302.0,1996,1679184000
1129,ok,308.0,314.0,305.0,308.8,495,1679270400
1130,ok,310.0,310.0,300.0,303.0,2814,1679443200
1131,ok,297.1,302.0,297.1,300.0,2391,1679529600
1132,ok,295.0,295.8,287.0,293.0,17631,1679788800
1133,ok,290.0,300.0,290.0,296.0,3536,1679875200
1134,ok,296.0,307.0,296.0,305.0,4331,1679961600
1135,ok,301.0,305.0,295.0,305.0,3342,1680048000
1136,ok,298.9,304.8,298.6,304.8,561,1680134400
1137,ok,304.8,301.0,290.1,292.1,6538,1680393600
1138,ok,290.0,292.0,288.0,292.0,1728,1680480000
1139,ok,290.0,300.0,286.2,300.0,10394,1680566400
1140,ok,300.0,302.0,290.3,302.0,3772,1680652800
1141,ok,308.0,308.0,289.0,301.9,1972,1680739200
1142,ok,307.8,307.8,286.2,290.0,738,1680998400
1143,ok,295.8,300.0,278.7,292.0,895,1681084800
1144,ok,297.0,302.0,286.5,300.0,2759,1681171200
1145,ok,306.0,326.0,304.0,322.8,4812,1681257600
1146,ok,327.9,327.9,303.2,309.0,6190,1681344000
1147,ok,315.1,319.0,300.0,301.0,5541,1681603200
1148,ok,306.0,306.0,290.5,291.0,2644,1681689600
1149,ok,291.0,315.0,287.0,290.1,4026,1681776000
1150,ok,295.9,319.0,285.2,299.1,4942,1681862400
1151,ok,305.0,323.0,295.1,295.1,2296,1681948800
1152,ok,301.0,312.9,295.5,295.5,4000,1682208000
1153,ok,301.4,307.0,294.0,294.1,975,1682294400
1154,ok,299.9,305.0,295.0,295.0,1095,1682380800
1155,ok,300.0,309.0,290.0,290.0,1525,1682467200
1156,ok,295.8,301.0,291.1,292.0,1589,1682553600
1157,ok,297.8,303.0,287.0,287.0,2399,1682812800
1158,ok,288.0,294.0,287.5,288.5,3918,1682985600
1159,ok,294.2,305.0,281.0,289.9,2857,1683072000
1160,ok,295.6,301.0,289.0,296.8,835,1683158400
1161,ok,301.5,301.5,279.5,287.0,1425,1683417600
1162,ok,292.7,298.5,278.1,280.1,3125,1683504000
1163,ok,285.7,297.2,285.7,286.0,1471,1683590400
1164,ok,291.7,309.4,282.0,283.0,2098,1683676800
1165,ok,288.6,292.9,283.3,283.3,289,1683763200
1166,ok,283.4,288.7,278.4,280.9,1909,1684022400
1167,ok,286.5,291.4,283.0,285.0,2312,1684108800
1168,ok,290.0,290.0,283.3,283.3,2060,1684195200
1169,ok,288.9,292.0,285.2,285.5,3019,1684281600
1170,ok,291.2,300.9,291.0,295.0,10181,1684368000
1171,ok,296.0,305.0,285.0,294.9,2513,1684627200
1172,ok,300.0,306.0,277.8,297.0,2524,1684713600
1173,ok,302.9,304.0,296.9,302.0,2169,1684800000
1174,ok,303.0,303.0,291.0,293.0,3762,1684886400
1175,ok,289.0,306.5,289.0,291.2,2681,1685232000
1176,ok,290.0,301.7,285.2,297.5,7135,1685404800
1177,ok,291.6,298.0,286.7,287.0,1728,1685491200
1178,ok,292.7,297.0,286.2,287.0,1782,1685577600
1179,ok,292.7,304.4,292.7,301.0,672,1685836800
1180,ok,304.0,304.0,288.1,292.1,3079,1685923200
1181,ok,297.3,300.0,291.2,291.2,463,1686009600
1182,ok,297.0,306.0,290.3,300.5,10386,1686096000
1183,ok,306.1,306.1,294.0,300.0,1441,1686182400
1184,ok,305.9,314.5,302.9,311.2,15244,1686441600
1185,ok,311.2,327.0,311.2,317.1,11005,1686528000
1186,ok,314.0,325.0,314.0,318.5,4261,1686614400
1187,ok,324.0,335.0,311.7,318.0,5506,1686700800
1188,ok,324.3,325.8,307.0,314.0,3061,1686787200
1189,ok,314.9,325.0,310.0,317.7,3827,1687046400
1190,ok,324.0,335.0,319.0,324.0,12694,1687132800
1191,ok,330.0,346.9,325.0,326.5,26248,1687219200
1192,ok,330.0,331.0,309.8,309.8,4825,1687305600
1193,ok,315.0,328.5,312.5,318.0,3734,1687392000
1194,ok,324.0,331.0,319.0,329.9,8664,1687651200
1195,ok,329.9,339.0,328.0,329.0,9102,1687737600
1196,ok,323.0,336.0,321.2,330.0,12419,1687824000
1197,ok,336.0,336.0,315.0,315.7,11973,1687910400
1198,ok,322.0,322.0,310.7,311.0,6724,1688256000
1199,ok,305.1,328.7,305.1,314.0,23476,1688342400
1200,ok,320.2,325.0,314.0,323.0,11664,1688428800
1201,ok,328.0,328.0,315.1,315.1,12800,1688515200
1202,ok,321.4,327.8,315.0,319.6,11016,1688601600
1203,ok,325.9,332.0,319.0,324.9,3029,1688860800
1204,ok,331.3,332.0,318.5,329.0,5379,1688947200
1205,ok,335.5,360.0,331.0,359.4,35942,1689033600
1206,ok,361.0,381.4,361.0,377.0,22444,1689120000
1207,ok,384.5,392.1,358.0,363.5,12114,1689206400
1208,ok,370.7,377.0,345.0,350.0,12436,1689465600
1209,ok,357.0,371.0,343.0,369.0,24147,1689552000
1210,ok,376.3,376.3,361.0,361.0,8491,1689638400
1211,ok,367.0,367.0,360.0,367.0,9775,1689724800
1212,ok,374.2,400.0,362.4,386.5,35716,1689811200
1213,ok,390.0,397.0,375.4,389.9,17207,1690070400
1214,ok,397.6,397.6,367.5,370.0,27925,1690156800
1215,ok,370.0,377.0,357.9,358.0,17732,1690243200
1216,ok,365.0,365.5,357.5,361.0,4300,1690329600
1217,ok,368.0,368.0,355.5,355.6,8495,1690416000
1218,ok,360.8,363.0,347.9,359.0,8589,1690675200
1219,ok,366.1,380.0,351.0,351.5,6188,1690761600
1220,ok,358.5,369.9,344.0,344.0,1985,1690848000
1221,ok,350.8,354.0,341.2,347.1,2928,1690934400
1222,ok,341.0,363.0,341.0,345.3,4269,1691020800
1223,ok,352.2,358.4,333.2,349.7,6094,1691280000
1224,ok,356.6,356.6,335.0,350.0,3165,1691366400
1225,ok,353.0,353.0,323.0,348.0,10553,1691452800
1226,ok,354.9,354.9,330.0,349.0,7649,1691539200
1227,ok,355.9,363.0,338.0,338.0,2363,1691625600
1228,ok,344.7,346.8,333.3,337.0,2041,1691884800
1229,ok,343.0,343.0,330.3,336.0,4740,1691971200
1230,ok,342.7,348.0,316.0,327.0,3022,1692057600
1231,ok,333.5,340.1,313.0,323.0,8323,1692144000
1232,ok,329.0,335.0,317.0,317.0,2742,1692230400
1233,ok,323.3,341.0,310.9,318.5,2932,1692489600
1234,ok,324.8,331.2,315.0,316.6,2380,1692576000
1235,ok,322.9,332.0,317.6,317.6,2746,1692662400
1236,ok,323.9,330.0,315.0,322.0,3057,1692748800
1237,ok,328.4,330.0,317.0,319.0,4991,1692835200
1238,ok,325.3,325.3,318.1,318.1,1842,1693094400
1239,ok,322.9,324.0,316.0,317.5,1528,1693180800
1240,ok,323.8,336.0,311.3,316.2,1454,1693267200
1241,ok,322.5,322.5,315.6,316.8,3378,1693353600
1242,ok,322.9,322.9,312.1,314.0,4004,1693699200
1243,ok,320.0,322.0,310.0,322.0,4005,1693785600
1244,ok,328.0,328.0,309.0,319.0,466,1693872000
1245,ok,317.1,317.1,312.9,316.0,3253,1694044800
1246,ok,319.9,319.9,313.0,318.0,340,1694304000
1247,ok,324.0,325.0,318.0,320.0,3321,1694390400
1248,ok,324.9,326.4,317.0,317.1,2520,1694476800
1249,ok,322.8,330.0,320.0,327.0,3339,1694563200
1250,ok,333.0,333.0,311.5,314.1,2448,1694908800
1251,ok,320.3,324.0,311.1,317.1,2636,1694995200
1252,ok,323.4,343.0,311.0,325.4,4827,1695081600
1253,ok,331.9,339.9,330.0,336.0,4605,1695254400
1254,ok,342.7,342.7,328.6,328.6,5248,1695513600
1255,ok,328.0,339.0,328.0,329.0,2434,1695600000
1256,ok,326.2,341.0,326.2,338.0,4650,1695686400
1257,ok,332.0,337.5,320.0,332.3,5188,1695772800
1258,ok,334.9,334.9,325.1,325.1,6276,1696118400
1259,ok,331.0,338.0,319.0,329.3,2349,1696204800
1260,ok,323.0,338.0,323.0,324.1,2573,1696291200
1261,ok,330.0,336.0,326.0,326.0,3032,1696377600
1262,ok,330.0,332.0,324.0,330.4,1931,1696464000
1263,ok,326.0,326.0,321.0,321.6,1205,1696723200
1264,ok,320.0,332.0,320.0,327.5,3728,1696809600
1265,ok,324.9,325.0,320.0,321.0,470,1696896000
1266,ok,317.1,328.4,317.1,325.0,595,1696982400
1267,ok,320.0,344.8,315.2,315.2,3133,1697068800
1268,ok,311.0,317.0,310.3,315.0,3902,1697414400
1269,ok,316.0,333.9,312.5,316.0,770,1697500800
1270,ok,322.3,328.7,322.0,322.0,803,1697587200
1271,ok,328.4,341.0,322.0,330.0,1535,1697673600
1272,ok,324.0,335.0,317.6,319.3,575,1698537600
1273,ok,325.6,329.3,320.0,320.2,1061,1698624000
1274,ok,326.6,339.6,313.9,319.5,922,1698710400
1275,ok,325.8,332.3,317.1,317.1,810,1698796800
1276,ok,323.4,323.4,313.1,315.0,1198,1698883200
1277,ok,309.4,320.0,309.0,309.0,1570,1699142400
1278,ok,315.1,321.4,309.0,313.5,3046,1699228800
1279,ok,319.0,324.7,313.1,324.7,1862,1699315200
1280,ok,331.1,337.0,304.0,304.0,231,1699401600
1281,ok,310.0,322.5,310.0,311.6,1368,1699488000
1282,ok,317.8,330.0,303.0,303.0,1158,1700438400
1283,ok,309.0,325.0,304.0,304.0,6302,1700524800
1284,ok,310.0,334.4,307.0,310.0,3905,1700611200
1285,ok,316.2,330.0,311.1,311.1,5831,1700697600
1286,ok,317.0,337.0,317.0,337.0,13252,1700956800
1287,ok,343.7,350.0,322.0,332.0,4687,1701043200
1288,ok,338.6,345.3,327.0,328.0,2070,1701129600
1289,ok,328.0,347.9,322.0,322.0,2923,1701216000
1290,ok,328.4,334.9,317.5,320.0,3812,1701302400
1291,ok,326.4,332.9,318.5,327.0,6000,1701561600
1292,ok,333.5,333.5,320.2,320.2,2249,1701648000
1293,ok,326.6,335.0,325.0,325.6,5868,1701734400
1294,ok,332.0,336.5,325.5,327.0,6528,1701820800
1295,ok,333.5,340.0,327.0,340.0,4595,1701907200
1296,ok,346.0,352.9,346.0,352.9,1603,1702166400
1297,ok,359.0,366.1,332.0,335.0,4078,1702252800
1298,ok,341.7,355.0,336.0,343.0,8491,1702339200
1299,ok,349.8,363.5,342.5,342.6,16064,1702425600
1300,ok,349.4,362.0,349.4,355.7,15590,1702512000
1301,ok,355.0,365.0,350.0,364.0,7965,1702771200
1302,ok,371.0,371.9,361.0,363.0,7796,1702857600
1303,ok,370.2,385.1,355.8,365.0,4546,1702944000
1304,ok,360.1,372.3,354.0,363.0,6520,1703030400
1305,ok,355.8,369.0,351.0,355.0,5834,1703116800
1306,ok,348.0,360.0,347.9,353.0,7852,1703376000
1307,ok,360.0,367.0,346.4,350.5,11150,1703635200
1308,ok,357.5,364.0,355.0,361.0,3875,1703721600
1309,ok,355.0,368.2,353.9,361.1,8563,1704067200
1310,ok,364.9,364.9,351.0,357.0,3375,1704153600
1311,ok,364.1,364.1,344.2,360.0,8843,1704240000
1312,ok,360.0,365.0,332.2,363.0,5088,1704326400
1313,ok,370.2,370.2,355.0,355.0,3476,1704585600
1314,ok,362.1,376.6,348.0,359.8,4463,1704672000
1315,ok,366.9,395.7,359.5,384.3,21122,1704758400
1316,ok,391.9,400.0,380.3,380.3,12351,1704844800
1317,ok,385.0,385.0,370.2,377.6,4205,1704931200
1318,ok,384.9,385.0,376.5,383.9,10035,1705190400
1319,ok,391.0,409.0,391.0,401.0,24527,1705363200
1320,ok,409.0,427.9,407.0,409.0,36412,1705449600
1321,ok,411.0,411.0,397.0,401.0,10007,1705536000
1322,ok,409.0,409.0,385.0,390.0,13035,1705795200
1323,ok,396.0,396.0,369.0,379.0,9952,1705881600
1324,ok,386.5,393.0,379.0,381.0,3434,1705968000
1325,ok,387.0,394.7,376.0,376.0,2888,1706054400
1326,ok,374.0,375.0,365.1,370.0,5467,1706140800
1327,ok,377.0,377.0,362.6,374.5,4470,1706400000
1328,ok,372.0,387.5,370.0,384.0,6231,1706486400
1329,ok,377.1,391.4,377.1,390.0,2344,1706572800
1330,ok,397.0,397.0,378.0,379.0,3435,1706659200
1331,ok,379.0,379.0,363.0,363.0,5888,1706745600
1332,ok,370.0,385.0,370.0,371.0,11015,1707004800
1333,ok,378.4,390.0,378.4,386.0,8605,1707091200
1334,ok,386.0,415.0,379.1,403.2,26586,1707177600
1335,ok,411.0,415.5,406.2,410.0,19908,1707264000
1336,ok,415.0,447.2,410.1,440.0,55528,1707350400
1337,ok,445.0,475.0,432.3,444.0,21359,1707609600
1338,ok,436.0,450.0,429.0,450.0,16426,1707696000
1339,ok,441.0,457.9,422.4,430.0,30087,1707782400
1340,ok,426.0,460.0,426.0,433.0,12640,1707868800
1341,ok,435.0,441.7,422.0,423.0,9537,1707955200
1342,ok,422.5,428.0,415.2,420.5,8635,1708214400
1343,ok,428.8,430.0,420.0,420.0,4660,1708387200
1344,ok,428.4,428.4,415.0,416.1,5031,1708473600
1345,ok,408.0,448.8,408.0,420.0,22503,1708560000
1346,ok,425.0,430.1,418.0,426.0,13011,1708819200
1347,ok,418.3,443.1,418.3,428.5,4252,1708905600
1348,ok,437.0,437.0,425.0,427.0,2500,1708992000
1349,ok,435.5,435.5,420.5,422.1,3906,1709078400
1350,ok,430.5,430.5,405.5,410.0,5048,1709164800
1351,ok,418.2,426.5,393.9,408.0,18232,1709424000
1352,ok,416.1,432.5,416.1,432.5,50,1709510400
1353,ok,433.0,439.7,405.1,407.0,14736,1709596800
1354,ok,415.0,426.0,406.7,413.1,19877,1709683200
1355,ok,421.3,444.9,421.3,427.1,4620,1709769600
1356,ok,428.0,446.9,428.0,432.0,7674,1710028800
1357,ok,437.0,458.3,426.0,435.1,8478,1710201600
1358,ok,443.8,443.8,430.3,434.9,3306,1710288000
1359,ok,427.0,445.0,427.0,439.0,12749,1710374400
1360,ok,445.8,463.9,437.0,451.0,25144,1710633600
1361,ok,451.0,460.0,443.0,452.0,20300,1710720000
1362,ok,444.1,459.9,444.0,444.0,11869,1710806400
1363,ok,452.0,452.0,430.0,437.0,2204,1710892800
1364,ok,434.0,445.7,427.0,427.0,8865,1710979200
1365,ok,418.5,469.7,418.5,431.2,6686,1711324800
1366,ok,422.6,460.0,422.6,435.0,9313,1711411200
1367,ok,443.7,450.0,435.9,443.0,5675,1711497600
1368,ok,435.0,448.4,435.0,435.1,5025,1711584000
1369,ok,426.4,442.0,426.4,435.2,2038,1711843200
1370,ok,426.5,444.0,426.5,444.0,8248,1711929600
1371,ok,449.0,449.0,430.0,443.0,2935,1712016000
1372,ok,434.2,438.0,418.2,427.1,2840,1712102400
1373,ok,435.0,435.0,423.0,424.0,4518,1712188800
1374,ok,432.4,441.0,423.1,438.9,11236,1712448000
1375,ok,447.6,450.1,426.5,445.0,4158,1712620800
1376,ok,436.2,445.9,431.0,431.7,4691,1712707200
1377,ok,439.0,439.0,432.0,435.9,2396,1713052800
1378,ok,444.6,450.0,435.3,442.0,8173,1713139200
1379,ok,442.0,457.0,435.0,441.0,11120,1713225600
1380,ok,439.0,439.0,426.5,427.0,1838,1713398400
1381,ok,435.5,444.0,422.0,430.0,4250,1713657600
1382,ok,438.6,438.6,405.0,425.9,8508,1713744000
1383,ok,434.4,439.9,425.3,425.3,1155,1713916800
1384,ok,433.8,433.8,416.2,424.5,4699,1714003200
1385,ok,422.0,437.0,417.3,430.0,7545,1714262400
1386,ok,438.0,445.1,431.0,442.0,14926,1714348800
1387,ok,450.8,486.2,445.6,486.2,31569,1714435200
1388,ok,495.9,496.0,468.0,468.0,23205,1714608000
1389,ok,477.0,477.0,442.0,444.2,14185,1714867200
1390,ok,452.9,475.0,428.1,450.0,16411,1714953600
1391,ok,455.0,460.0,446.5,458.9,8221,1715040000
1392,ok,458.9,464.0,450.0,457.0,4184,1715126400
1393,ok,460.0,471.9,460.0,467.5,7135,1715212800
1394,ok,476.8,486.0,460.0,479.0,19840,1715472000
1395,ok,488.0,489.6,470.0,473.9,7667,1715558400
1396,ok,471.0,480.0,468.6,475.0,7255,1715644800
1397,ok,483.0,489.0,460.8,466.1,6818,1715731200
1398,ok,460.1,488.0,460.1,469.0,7503,1715817600
1399,ok,478.3,489.0,469.0,474.9,9654,1716076800
1400,ok,484.3,493.9,475.0,475.0,4940,1716163200
1401,ok,480.0,485.0,473.0,479.5,8234,1716249600
1402,ok,489.0,489.0,470.5,477.0,5160,1716336000
1403,ok,476.0,483.0,465.0,467.0,4133,1716681600
1404,ok,476.3,489.9,465.0,484.9,9323,1716768000
1405,ok,480.0,488.0,470.0,477.5,4949,1716940800
1406,ok,471.0,479.8,462.1,465.0,4892,1717027200
1407,ok,474.0,479.4,466.0,475.3,2757,1717286400
1408,ok,482.0,482.9,466.2,470.0,5835,1717372800
1409,ok,479.4,483.0,466.0,480.0,11081,1717459200
1410,ok,485.0,487.6,468.4,475.9,1440,1717545600
1411,ok,483.8,484.0,468.2,470.0,1840,1717632000
1412,ok,479.0,479.0,463.0,469.0,6357,1717891200
1413,ok,478.3,478.3,468.9,477.0,3652,1717977600
1414,ok,485.0,497.0,476.0,493.0,13454,1718064000
1415,ok,493.1,512.0,493.1,510.0,16963,1718150400
1416,ok,510.0,561.0,497.1,530.0,19113,1718236800
1417,ok,520.0,538.0,507.0,515.0,15882,1718496000
1418,ok,520.0,525.0,501.0,510.0,6364,1718668800
1419,ok,520.0,530.0,502.3,513.0,10933,1718755200
1420,ok,523.0,523.0,503.0,507.5,6417,1718841600
1421,ok,510.0,515.0,498.2,505.0,5746,1719100800
1422,ok,511.0,530.0,507.0,530.0,12098,1719187200
1423,ok,539.5,550.0,533.0,535.0,11576,1719273600
1424,ok,545.5,545.5,522.0,526.9,2080,1719360000
1425,ok,536.9,536.9,516.6,524.0,6148,1719446400
1426,ok,533.9,533.9,516.2,516.2,5655,1719705600
1427,ok,525.0,555.0,520.0,555.0,13248,1719792000
1428,ok,566.1,598.0,546.0,570.0,19939,1719878400
1429,ok,574.0,621.1,562.6,588.0,19196,1719964800
1430,ok,599.3,617.0,580.3,605.0,32241,1720051200
1431,ok,593.0,617.0,582.0,588.0,19158,1720310400
1432,ok,599.7,599.7,580.0,582.0,8965,1720396800
1433,ok,590.0,600.0,579.2,594.5,14285,1720483200
1434,ok,603.0,603.0,583.0,585.0,5050,1720569600
1435,ok,596.7,596.7,576.2,582.9,6922,1720656000
1436,ok,592.0,594.0,581.0,586.0,6662,1720915200
1437,ok,574.3,596.7,574.3,586.9,5953,1721001600
1438,ok,598.6,645.5,582.0,633.0,15975,1721088000
1439,ok,633.0,637.5,614.0,632.0,16385,1721174400
1440,ok,632.0,657.0,615.0,625.0,17105,1721260800
1441,ok,635.0,635.0,606.0,609.0,10158,1721520000
1442,ok,621.1,621.1,600.0,608.0,16441,1721606400
1443,ok,620.0,628.0,596.0,627.5,11689,1721692800
1444,ok,639.8,639.8,608.3,613.0,9624,1721779200
1445,ok,613.0,647.0,602.0,621.0,11549,1721865600
1446,ok,633.4,658.0,597.0,628.5,9937,1722124800
1447,ok,620.0,641.0,617.3,641.0,25490,1722211200
1448,ok,632.0,657.9,623.0,646.0,18830,1722297600
1449,ok,658.0,708.9,640.0,685.0,26498,1722384000
1450,ok,676.0,744.0,676.0,692.3,21251,1722470400
1451,ok,706.0,718.0,680.0,690.0,8675,1722816000
1452,ok,677.4,700.0,635.0,639.0,17104,1722902400
1453,ok,640.0,702.9,638.0,680.0,11904,1722988800
1454,ok,693.0,693.0,640.0,664.0,7704,1723075200
1455,ok,677.1,727.8,660.1,676.0,11662,1723334400
1456,ok,689.0,702.0,673.0,685.0,20736,1723420800
1457,ok,677.0,731.3,673.0,682.0,9850,1723507200
1458,ok,689.0,689.0,662.0,685.0,17219,1723593600
1459,ok,698.0,708.0,672.0,675.0,15580,1723680000
1460,ok,688.0,696.0,661.5,683.0,22420,1723939200
1461,ok,675.3,751.3,675.2,751.3,49866,1724198400
1462,ok,766.3,826.4,766.3,826.4,44408,1724284800
1463,ok,842.9,909.0,842.9,884.0,53327,1724544000
1464,ok,890.0,890.0,816.0,832.0,23664,1724716800
1465,ok,845.0,915.0,832.0,859.0,14528,1724803200
1466,ok,842.0,855.0,826.0,850.0,9139,1724889600
1467,ok,835.0,861.9,823.0,829.9,9929,1725148800
1468,ok,846.4,911.8,834.0,877.6,14739,1725235200
1469,ok,893.0,965.3,856.6,965.3,50238,1725321600
1470,ok,984.6,1055.0,973.0,1000.0,24757,1725408000
1471,ok,990.0,1040.4,950.8,991.0,14024,1725494400
1472,ok,980.0,1030.2,980.0,986.0,21799,1725753600
1473,ok,970.1,985.9,929.1,952.0,11536,1725840000
1474,ok,940.0,979.0,900.0,950.0,12161,1725926400
1475,ok,969.0,988.3,875.0,900.0,9483,1726012800
1476,ok,890.0,990.0,890.0,930.0,19646,1726099200
1477,ok,932.0,942.0,878.2,912.0,15534,1726358400
1478,ok,914.0,968.0,871.0,884.9,12647,1726444800
1479,ok,868.0,920.0,826.0,920.0,14943,1726617600
1480,ok,920.0,930.0,860.2,899.0,12600,1726963200
1481,ok,890.0,890.0,809.1,888.0,4748,1727049600
1482,ok,870.3,870.3,799.2,869.0,12294,1727136000
1483,ok,851.7,886.0,818.1,886.0,4850,1727222400
1484,ok,868.3,900.0,817.6,882.0,2845,1727308800
1485,ok,864.4,864.4,798.0,840.0,4819,1727568000
1486,ok,839.9,839.9,808.1,835.0,974,1727654400
1487,ok,840.0,866.0,834.0,861.0,9873,1727740800
1488,ok,876.0,911.0,833.0,840.0,4290,1727827200
1489,ok,823.3,882.0,823.2,882.0,6796,1728172800
1490,ok,894.7,894.8,830.8,865.0,7930,1728259200
1491,ok,853.0,870.0,831.0,855.0,3755,1728345600
1492,ok,866.7,866.8,830.2,855.0,4796,1728432000
1493,ok,869.0,869.0,851.0,869.0,1978,1728950400
1494,ok,885.0,885.0,860.0,860.0,2510,1729036800
1495,ok,860.0,869.0,845.3,855.0,2958,1729123200
1496,ok,840.2,860.0,823.4,833.0,6784,1729382400
1497,ok,849.6,916.3,838.9,914.8,36377,1729468800
1498,ok,900.0,985.0,900.0,969.0,14258,1729555200
1499,ok,988.0,988.0,931.0,960.0,3887,1729641600
1500,ok,979.0,979.0,906.1,913.0,2828,1729728000
1501,ok,913.0,1004.0,888.0,888.0,12042,1729987200
1502,ok,905.0,938.0,888.0,908.8,5733,1730073600
1503,ok,926.9,999.6,895.0,999.5,21260,1730160000
1504,ok,1010.0,1030.0,957.1,985.0,6609,1730246400
1505,ok,1004.0,1004.0,964.0,970.0,4365,1730764800
1506,ok,950.6,1009.0,950.6,967.0,3143,1730851200
1507,ok,986.3,1030.0,979.0,998.5,9912,1731196800
1508,ok,1018.0,1033.0,990.0,1006.3,7623,1731283200
1509,ok,986.2,1020.0,986.2,1005.0,8798,1731369600
1510,ok,985.0,1105.5,985.0,1081.0,21809,1731456000
1511,ok,1099.0,1189.1,1099.0,1158.0,12701,1731542400
1512,ok,1180.0,1200.0,1118.0,1160.0,12343,1731801600
1513,ok,1138.0,1155.0,1055.0,1110.0,11834,1731974400
1514,ok,1110.0,1221.0,1071.0,1221.0,30732,1732060800
1515,ok,1220.0,1289.0,1197.0,1255.1,20790,1732147200
1516,ok,1240.1,1264.8,1207.1,1239.0,13265,1732406400
1517,ok,1263.7,1362.9,1190.2,1361.0,21297,1732492800
1518,ok,1387.0,1450.0,1365.0,1450.0,10887,1732579200
1519,ok,1439.5,1595.0,1430.0,1595.0,23450,1732665600
1520,ok,1595.0,1725.0,1567.5,1665.0,17647,1732752000
1521,ok,1639.0,1831.5,1606.3,1831.5,50124,1733011200
1522,ok,1831.5,1920.0,1764.0,1764.0,34838,1733097600
1523,ok,1799.0,1799.0,1669.0,1779.0,17738,1733184000
1524,ok,1743.5,1780.0,1656.2,1700.0,8912,1733270400
1525,ok,1670.0,1720.0,1637.0,1699.3,8137,1733356800
1526,ok,1689.0,1824.9,1650.0,1725.0,12824,1733616000
1527,ok,1734.0,1789.0,1640.1,1693.0,9412,1733702400
1528,ok,1702.0,1719.9,1599.0,1647.0,8262,1733788800
1529,ok,1675.0,1700.0,1586.9,1637.1,9375,1733875200
1530,ok,1604.4,1702.3,1572.4,1685.0,8135,1733961600
1531,ok,1690.0,1717.1,1590.0,1627.0,8773,1734307200
1532,ok,1657.0,1657.0,1498.0,1624.0,9911,1734393600
1533,ok,1600.0,1620.0,1560.0,1610.0,8375,1734480000
1534,ok,1639.0,1639.0,1525.2,1565.0,11825,1734566400
1535,ok,1570.0,1596.0,1430.1,1518.0,16216,1734825600
1536,ok,1487.7,1495.0,1405.0,1470.0,7746,1734912000
1537,ok,1440.7,1570.0,1415.0,1555.0,15324,1734998400
1538,ok,1523.9,1523.9,1399.5,1399.5,19280,1735171200
1539,ok,1371.6,1433.1,1305.0,1312.0,16818,1735430400
1540,ok,1338.0,1364.0,1240.0,1325.0,8215,1735603200
1541,ok,1351.0,1449.0,1298.0,1449.0,11347,1735689600
1542,ok,1420.1,1593.9,1420.0,1580.0,72539,1735776000
1543,ok,1611.6,1723.8,1611.6,1669.0,31528,1736035200
1544,ok,1702.0,1770.0,1700.2,1735.0,9626,1736121600
1545,ok,1749.0,1770.0,1702.0,1739.0,6313,1736208000
1546,ok,1773.7,1815.0,1755.0,1789.0,9615,1736294400
1547,ok,1753.3,1824.0,1611.0,1699.0,76242,1736380800
1548,ok,1725.0,1725.0,1546.0,1600.0,8440,1736640000
1549,ok,1600.0,1697.8,1571.0,1668.0,12905,1736726400
1550,ok,1699.0,1760.0,1692.0,1720.0,10824,1736899200
1551,ok,1700.0,1750.0,1632.7,1654.0,8339,1736985600
1552,ok,1686.0,1699.0,1587.0,1617.0,6898,1737244800
1553,ok,1610.0,1670.0,1551.0,1619.0,12090,1737331200
1554,ok,1618.0,1679.0,1554.3,1598.0,3814,1737417600
1555,ok,1629.0,1757.8,1566.2,1757.8,42128,1737504000
1556,ok,1792.9,1933.5,1775.0,1933.5,62638,1737590400
1557,ok,1933.5,2126.8,1933.5,2124.5,36186,1737849600
1558,ok,2124.0,2289.9,2080.6,2260.0,29614,1737936000
1559,ok,2215.0,2480.0,2167.8,2480.0,50857,1738022400
1560,ok,2430.4,2627.0,2232.0,2627.0,45947,1738454400
1561,ok,2576.0,2842.3,2364.3,2749.0,81217,1738540800
1562,ok,2694.1,2694.1,2474.1,2474.1,2652,1738627200
1563,ok,2424.7,2424.7,2226.7,2226.7,1950,1738713600
1564,ok,2182.2,2212.7,2004.1,2004.1,52675,1738800000
1565,ok,1964.1,2170.0,1924.9,2038.0,49968,1739059200
1566,ok,2000.0,2105.0,1965.2,2000.0,24190,1739145600
1567,ok,2001.0,2087.9,2000.0,2086.0,30296,1739232000
1568,ok,2086.0,2200.0,2058.0,2179.0,26704,1739318400
1569,ok,2179.0,2250.0,2140.0,2156.0,14305,1739404800
1570,ok,2112.9,2112.9,2030.0,2031.0,20933,1739664000
1571,ok,1990.4,2080.0,1990.4,2079.0,15738,1739750400
1572,ok,2120.0,2120.0,1953.0,1987.0,15972,1739836800
1573,ok,1951.0,2026.7,1876.0,2026.7,18182,1740009600
1574,ok,1986.2,2034.0,1909.0,2019.0,7430,1740268800
1575,ok,2000.0,2090.0,1956.1,1995.0,40955,1740355200
1576,ok,1960.1,2115.0,1872.8,1978.8,14566,1740441600
1577,ok,2018.3,2055.0,1863.0,1949.0,15854,1740614400
1578,ok,1910.1,2096.0,1872.0,2020.0,23751,1740873600
1579,ok,1981.4,2059.0,1981.0,2020.0,9064,1740960000
1580,ok,1985.0,2060.0,1962.0,1980.0,7639,1741046400
1581,ok,1979.0,2004.0,1902.0,1926.9,6673,1741132800
1582,ok,1890.0,1967.0,1890.0,1960.0,5171,1741219200
1583,ok,1960.1,1998.9,1910.0,1976.0,7101,1741478400
1584,ok,1936.5,2009.0,1913.5,1953.9,6542,1741564800
1585,ok,1989.0,2055.0,1914.9,1995.0,21676,1741651200
1586,ok,2034.0,2034.8,1891.4,1909.0,13118,1741737600
1587,ok,1877.0,1915.0,1813.0,1906.0,7982,1742083200
1588,ok,1867.9,1891.9,1845.0,1880.0,4117,1742169600
1589,ok,1846.0,1917.5,1846.0,1869.9,8429,1742256000
1590,ok,1833.2,1899.0,1833.2,1874.7,4106,1742342400
1591,ok,1837.3,1909.0,1802.0,1888.35,5183,1742428800
1592,ok,1863.0,1899.9,1840.0,1851.83,37422,1742688000
1593,ok,1820.0,1899.9,1820.0,1845.21,10326,1742774400
1594,ok,1826.0,1827.2,1746.0,1801.58,23211,1742860800
1595,ok,1765.6,1820.0,1731.1,1772.47,3985,1742947200
1596,ok,1740.3,1807.9,1740.3,1765.63,3312,1743033600
1597,ok,1740.0,1820.0,1740.0,1786.41,9340,1743292800
1598,ok,1822.0,1858.4,1750.0,1801.1,12132,1743465600
1599,ok,1800.0,1954.1,1770.0,1841.91,13396,1743552000
1600,ok,1875.0,1875.0,1780.0,1787.96,6345,1743638400
1601,ok,1823.6,1823.6,1753.0,1768.33,11068,1743984000
1602,ok,1803.0,1803.0,1741.0,1773.75,13590,1744070400
1603,ok,1752.0,1845.0,1752.0,1782.12,8053,1744156800
1604,ok,1767.0,1805.0,1767.0,1780.17,5768,1744243200
1605,ok,1745.0,1910.0,1744.6,1815.84,21301,1744502400
1606,ok,1849.0,1997.4,1840.0,1997.4,23465,1744675200
1607,ok,1957.5,2197.1,1957.5,2197.1,20889,1744761600
1608,ok,2241.0,2416.8,2198.0,2325.38,29720,1744848000
1609,ok,2310.0,2557.9,2254.0,2499.45,47376,1745107200
1610,ok,2449.5,2749.3,2303.0,2746.5,67669,1745193600
1611,ok,2800.0,2800.0,2471.9,2471.9,14919,1745280000
1612,ok,2422.5,2422.5,2224.8,2247.83,56785,1745366400
1613,ok,2203.1,2288.0,2116.1,2153.37,10028,1745452800
1614,ok,2153.0,2238.9,2112.5,2192.78,10703,1745712000
1615,ok,2236.0,2372.8,2149.0,2228.87,9902,1745798400
1616,ok,2228.0,2451.7,2107.0,2376.63,35271,1745884800
1617,ok,2329.1,2375.6,2194.0,2239.77,4873,1745971200
1618,ok,2196.1,2376.1,2110.0,2312.61,10981,1746316800
1619,ok,2266.4,2266.4,2085.0,2206.0,8113,1746403200
1620,ok,2206.0,2316.4,2035.5,2222.87,18115,1746489600
1621,ok,2178.5,2244.0,2051.0,2181.37,8300,1746576000
1622,ok,2224.9,2269.0,2093.1,2170.13,13780,1746662400
1623,ok,2130.0,2285.0,2091.0,2228.42,18760,1746921600
1624,ok,2215.1,2355.0,2215.1,2279.42,11431,1747094400
1625,ok,2233.9,2465.0,2150.0,2299.31,12448,1747180800
1626,ok,2345.2,2345.2,2079.0,2100.46,8572,1747267200
1627,ok,2080.0,2095.0,1890.5,1917.6,6974,1747526400
1628,ok,1900.0,2109.0,1900.0,2105.27,4625,1747612800
1629,ok,2100.0,2283.0,2058.0,2206.81,9927,1747699200
1630,ok,2250.9,2427.4,2125.1,2222.16,3875,1747785600
1631,ok,2177.8,2300.0,2111.0,2176.4,5183,1747872000
1632,ok,2132.9,2190.0,2008.0,2120.37,4142,1748131200
1633,ok,2162.7,2295.0,2123.0,2185.36,13678,1748217600
1634,ok,2141.7,2403.8,2141.7,2403.8,29463,1748304000
1635,ok,2451.8,2549.9,2443.0,2528.25,11712,1748390400
1636,ok,2528.25,2728.5,2480.1,2688.88,21473,1748822400
1637,ok,2635.2,2681.0,2421.0,2649.81,11887,1748908800
1638,ok,2596.9,2596.9,2457.0,2495.98,11012,1748995200
1639,ok,2446.1,2544.9,2409.1,2443.72,4802,1749081600
1640,ok,2408.5,2542.3,2330.0,2358.0,6362,1749340800
1641,ok,2315.5,2475.0,2315.5,2387.95,5220,1749427200
1642,ok,2363.0,2479.0,2363.0,2399.45,1934,1749513600
1643,ok,2353.0,2540.0,2350.0,2448.93,4143,1749600000
1644,ok,2400.0,2490.0,2315.0,2326.24,6252,1749686400
1645,ok,2364.0,2399.9,2330.0,2379.7,2852,1749945600
1646,ok,2332.2,2617.6,2243.6,2578.86,11725,1750032000
1647,ok,2527.3,2680.5,2336.0,2677.62,14228,1750118400
1648,ok,2624.1,2624.1,2409.9,2409.9,8586,1750204800
1649,ok,2399.9,2399.9,2200.0,2254.62,10380,1750291200
1650,ok,2209.6,2338.7,2082.0,2140.67,10547,1750550400
1651,ok,2183.0,2262.0,2049.6,2185.73,6006,1750636800
1652,ok,2226.0,2227.0,2143.0,2149.14,1812,1750723200
1653,ok,2106.2,2192.1,2096.2,2132.55,1771,1750809600
1654,ok,2175.0,2300.0,2131.5,2264.77,6286,1750896000
1655,ok,2310.0,2375.0,2277.8,2366.39,8331,1751155200
1656,ok,2321.0,2391.0,2281.0,2311.07,5420,1751241600
1657,ok,2355.0,2355.0,2269.0,2282.45,2832,1751328000
1658,ok,2328.0,2500.0,2293.0,2471.66,17515,1751414400
1659,ok,2470.0,2520.0,2380.0,2420.86,7713,1751500800
1660,ok,2374.0,2475.0,2338.3,2378.19,3813,1751760000
1661,ok,2340.0,2616.0,2303.2,2527.55,9439,1751846400
1662,ok,2477.0,2734.6,2334.1,2599.67,21173,1751932800
1663,ok,2547.7,2640.0,2401.0,2598.09,22075,1752019200
1664,ok,2546.2,2546.2,2338.3,2340.4,28506,1752105600
1665,ok,2387.0,2434.0,2276.0,2288.47,5321,1752364800
1666,ok,2334.2,2380.0,2251.0,2262.99,8514,1752451200
1667,ok,2290.0,2345.0,2282.5,2292.67,2802,1752537600
1668,ok,2270.0,2505.0,2251.0,2476.78,24463,1752624000
1669,ok,2427.3,2480.0,2307.0,2437.96,14863,1752710400
1670,ok,2389.3,2400.0,2294.8,2350.61,6818,1752969600
1671,ok,2305.0,2361.3,2115.6,2116.55,31344,1753056000
1672,ok,2074.3,2210.0,1920.0,2122.69,12220,1753142400
1673,ok,2110.0,2152.0,2035.0,2090.4,8880,1753228800
1674,ok,2095.0,2095.0,2009.0,2064.82,10200,1753315200
1675,ok,2069.0,2069.0,1992.0,2007.81,9701,1753574400
1676,ok,2030.0,2121.6,1997.0,2105.24,6710,1753660800
1677,ok,2105.0,2147.0,2028.6,2071.97,9216,1753747200
