s,o,h,l,c,v,t
ok,107.91,106.42,106.42,106.42,220,1327276800
ok,106.42,104.94,103.46,103.46,827,1328659200
ok,103.46,101.97,96.04,96.04,531,1330214400
ok,96.04,94.85,91.29,91.29,438,1330300800
ok,91.29,91.29,91.29,91.29,168,1338854400
ok,91.29,90.1,90.1,90.1,30,1348012800
ok,90.1,88.91,88.91,88.91,19,1348099200
ok,88.91,87.73,85.35,85.35,455,1348358400
ok,85.35,89.51,85.06,85.06,1336,1400716800
ok,85.06,85.95,81.79,81.79,1237,1400976000
ok,81.79,80.9,77.04,78.53,6328,1401062400
ok,78.53,80.9,79.42,80.01,703,1401148800
ok,80.01,80.01,77.64,80.01,6789,1401235200
ok,80.01,82.68,80.9,81.79,604,1401580800
ok,81.79,84.46,82.39,82.68,2548,1401667200
ok,82.68,82.68,80.9,82.39,748,1401753600
ok,82.39,81.5,81.5,81.5,127,1402531200
ok,81.5,80.9,80.61,80.9,197,1403568000
ok,80.9,81.5,75.56,75.56,5734,1403654400
ok,75.56,79.12,75.56,79.12,4035,1403740800
ok,79.12,82.39,80.01,80.9,1713,1404000000
ok,80.9,80.01,75.56,75.56,17267,1404086400
ok,75.56,79.42,76.45,77.34,16725,1404172800
ok,77.34,80.31,78.23,80.01,13556,1404259200
ok,85.35,81.11,78.17,78.17,1564,1404345600
ok,78.17,78.17,78.17,78.17,681,1404604800
ok,78.17,81.11,79.15,81.11,150,1404691200
ok,81.11,84.05,82.09,84.05,1094,1404777600
ok,84.05,83.07,83.07,83.07,108,1404864000
ok,83.07,88.62,84.05,88.62,1492,1405468800
ok,88.62,94.82,87.97,94.82,2559,1405555200
ok,94.82,101.35,96.13,101.35,2551,1405814400
ok,101.35,108.53,102.66,108.53,3822,1405900800
ok,108.53,113.43,110.16,113.43,1852,1405987200
ok,113.43,111.8,108.2,108.2,460,1406073600
ok,108.2,106.9,106.57,106.9,1166,1406160000
ok,106.9,105.59,105.59,105.59,800,1406419200
ok,105.59,104.29,102.98,102.98,74,1407369600
ok,102.98,101.68,100.37,100.37,100,1407888000
ok,100.37,99.06,99.06,99.06,40,1407974400
ok,99.06,97.76,97.76,97.76,20,1408320000
ok,97.76,96.45,95.15,95.15,40,1408406400
ok,95.15,93.84,91.23,91.23,65,1408492800
ok,91.23,90.25,89.27,89.27,80,1408838400
ok,89.27,88.29,87.31,87.31,70,1408924800
ok,87.31,86.33,85.35,85.35,80,1409011200
ok,85.35,84.37,81.44,81.44,1460,1409184000
ok,81.44,80.46,76.54,76.54,1350,1409443200
ok,76.54,75.56,73.28,73.28,2548,1409529600
ok,73.28,77.85,72.62,77.85,4221,1409702400
ok,77.85,78.82,75.89,76.87,2591,1409788800
ok,76.87,75.89,73.6,73.6,519,1410048000
ok,73.6,74.91,72.95,74.25,1487,1410220800
ok,74.25,74.91,73.93,74.91,1221,1410307200
ok,74.91,74.91,74.91,74.91,87,1410393600
ok,74.91,74.91,74.25,74.25,727,1410652800
ok,74.25,74.25,73.6,74.25,770,1410739200
ok,74.25,73.93,73.93,73.93,50,1410912000
ok,72.95,72.3,72.3,72.3,200,1411257600
ok,72.3,71.64,71.64,71.64,259,1411430400
ok,71.64,71.64,70.99,71.64,2579,1411516800
ok,71.64,71.64,70.99,71.64,1018,1411862400
ok,71.64,72.95,72.3,72.95,1333,1411948800
ok,72.95,75.56,73.6,75.56,370,1412035200
ok,75.56,74.58,74.25,74.25,500,1412812800
ok,74.25,74.91,74.91,74.91,100,1413331200
ok,74.91,76.54,75.56,76.54,286,1413417600
ok,76.54,75.56,75.56,75.56,200,1413676800
ok,75.56,76.54,76.54,76.54,684,1414368000
ok,76.54,78.17,77.19,77.19,823,1414972800
ok,77.19,76.21,76.21,76.21,500,1415145600
ok,76.21,77.19,77.19,77.19,296,1415232000
ok,77.19,76.21,73.28,73.28,3292,1415577600
ok,73.28,72.95,71.64,71.64,869,1415664000
ok,71.64,72.3,71.97,71.97,80,1415836800
ok,71.97,71.32,71.32,71.32,10,1416096000
ok,71.32,70.66,70.01,70.01,1286,1416355200
ok,70.01,71.32,70.66,71.32,382,1416787200
ok,71.32,72.62,71.97,72.62,184,1416873600
ok,72.62,73.28,73.28,73.28,21,1417305600
ok,73.28,72.95,71.32,71.32,4426,1417392000
ok,71.32,70.66,70.66,70.66,255,1417564800
ok,70.66,71.64,70.99,71.64,473,1417651200
ok,71.64,72.3,72.3,72.3,545,1417910400
ok,72.3,72.95,72.62,72.62,352,1418083200
ok,72.62,72.3,72.3,72.3,300,1418169600
ok,72.3,73.6,71.64,73.6,234,1418601600
ok,73.6,76.87,73.93,76.87,1645,1418688000
ok,76.87,75.89,74.25,74.25,1135,1418774400
ok,74.25,74.91,73.6,74.91,887,1418860800
ok,74.91,74.25,74.25,74.25,510,1419120000
ok,74.25,74.91,74.25,74.25,600,1419206400
ok,74.25,74.25,74.25,74.25,46,1419292800
ok,74.25,73.93,73.6,73.6,96,1419379200
ok,73.6,74.25,73.6,74.25,196,1419811200
ok,74.25,76.54,74.91,76.54,398,1420329600
ok,76.54,76.54,75.56,76.54,1401,1420502400
ok,76.54,75.56,74.58,74.58,426,1420588800
ok,74.58,75.89,74.58,75.89,242,1420675200
ok,75.89,76.87,76.87,76.87,287,1420934400
ok,76.87,79.8,77.52,79.48,3889,1421625600
ok,79.48,82.42,78.82,82.42,3126,1421712000
ok,82.42,81.44,81.44,81.44,200,1421884800
ok,81.44,80.78,80.46,80.46,265,1422230400
ok,80.46,79.48,77.85,78.5,785,1422316800
ok,78.5,78.5,78.5,78.5,500,1422403200
ok,78.5,79.48,79.15,79.48,2508,1422748800
ok,79.48,78.82,78.82,78.82,272,1422835200
ok,78.82,83.07,79.8,83.07,1263,1422921600
ok,83.07,82.09,80.46,80.78,3189,1423008000
ok,80.78,80.46,79.8,80.46,477,1423094400
ok,80.46,80.46,78.82,80.46,506,1423353600
ok,80.46,80.13,79.48,80.13,290,1423440000
ok,80.13,80.13,79.15,80.13,9465,1423526400
ok,80.13,80.13,79.15,80.13,226,1423699200
ok,80.13,85.35,81.11,85.35,1950,1423958400
ok,85.35,90.25,84.7,84.7,3369,1424044800
ok,84.7,90.25,85.68,90.25,7504,1424304000
ok,90.25,90.25,86.99,87.97,7669,1424563200
ok,87.97,89.92,86.01,89.92,5200,1424649600
ok,89.92,90.25,88.94,90.25,1885,1424736000
ok,90.25,96.45,91.23,96.45,16472,1424822400
ok,96.45,97.76,97.76,97.76,10,1424908800
ok,100.04,98.74,96.13,96.13,1700,1425168000
ok,96.13,101.68,95.47,101.68,10258,1425254400
ok,101.68,100.37,96.45,99.06,1926,1425340800
ok,99.06,99.06,97.76,98.41,2709,1425427200
ok,98.41,101.02,98.74,98.74,1079,1425859200
ok,98.74,99.06,99.06,99.06,48,1425945600
ok,99.06,101.68,98.41,98.74,965,1426032000
ok,98.74,97.43,97.43,97.43,95,1426118400
ok,97.43,97.11,96.13,96.13,742,1426377600
ok,96.13,96.45,93.84,94.49,3508,1426464000
ok,94.49,98.41,95.15,98.41,828,1426550400
ok,98.41,98.41,95.47,98.41,3487,1426636800
ok,98.41,98.41,95.47,96.78,3978,1426723200
ok,96.78,95.47,94.17,94.17,1299,1426982400
ok,94.17,93.19,92.86,93.19,1150,1427068800
ok,93.19,93.19,91.88,93.19,162,1427155200
ok,93.19,93.51,92.21,93.51,1088,1427241600
ok,93.51,93.51,92.54,93.51,140,1427328000
ok,93.51,94.49,94.49,94.49,113,1427587200
ok,94.49,95.8,94.49,95.8,726,1427673600
ok,95.8,95.8,94.82,94.82,2060,1427760000
ok,94.82,94.17,93.84,93.84,1158,1427846400
ok,93.84,93.19,91.88,92.86,865,1427932800
ok,92.86,91.56,90.58,90.58,1560,1428192000
ok,90.58,91.56,90.25,90.25,1057,1428278400
ok,90.25,90.25,89.92,89.92,2446,1428364800
ok,89.92,92.21,90.25,92.21,1729,1428451200
ok,92.21,91.56,91.56,91.56,371,1428537600
ok,91.56,92.86,91.88,91.88,3476,1428796800
ok,91.88,93.19,91.23,91.23,304,1428883200
ok,91.23,90.9,90.9,90.9,1000,1429056000
ok,90.9,90.58,90.25,90.25,190,1429142400
ok,90.25,91.23,90.25,91.23,178,1429401600
ok,90.58,89.92,88.94,88.94,1184,1429747200
ok,88.94,87.97,82.74,82.74,548,1432425600
ok,82.74,81.76,77.19,77.19,927,1432512000
ok,77.19,81.76,76.21,79.8,2079,1432598400
ok,79.8,78.82,78.82,78.82,194,1432771200
ok,78.82,81.76,79.8,81.76,250,1433030400
ok,81.76,83.72,82.09,83.72,1121,1433203200
ok,83.72,88.94,83.72,87.97,1695,1433289600
ok,87.97,86.99,86.99,86.99,110,1433635200
ok,86.99,86.01,81.11,81.11,1214,1433721600
ok,81.11,82.09,81.11,81.11,690,1433808000
ok,81.11,81.44,80.46,81.44,1266,1433894400
ok,81.44,81.44,81.44,81.44,488,1433980800
ok,81.44,81.76,80.78,81.11,2733,1434240000
ok,81.11,80.78,80.46,80.46,1593,1434326400
ok,80.46,81.44,80.13,81.44,3916,1434412800
ok,81.44,81.44,81.44,81.44,35,1434499200
ok,81.44,81.76,80.46,81.76,869,1434844800
ok,81.44,82.42,81.44,81.76,1659,1434931200
ok,82.42,82.42,81.11,81.76,1648,1435017600
ok,81.11,81.11,81.11,81.11,239,1435104000
ok,80.46,81.44,80.46,81.44,21346,1435190400
ok,80.46,81.44,80.46,81.44,13145,1435449600
ok,80.46,80.46,80.46,80.46,3294,1435536000
ok,80.46,81.44,80.46,80.78,197,1435622400
ok,80.13,80.78,79.8,80.78,589,1435795200
ok,80.46,82.42,80.46,82.42,3823,1436054400
ok,82.09,82.09,81.11,81.11,1135,1436140800
ok,81.11,81.11,81.11,81.11,501,1436227200
ok,81.11,81.11,81.11,81.11,537,1436313600
ok,81.11,81.11,81.11,81.11,72,1436400000
ok,82.09,83.07,82.09,82.74,1159,1436659200
ok,83.72,85.68,83.72,85.68,535,1436745600
ok,84.7,85.68,84.7,85.68,208,1436832000
ok,84.7,85.35,84.7,85.35,349,1436918400
ok,85.35,87.31,86.33,87.31,598,1437004800
ok,86.33,89.27,86.33,89.27,1020,1437523200
ok,89.27,94.49,90.25,94.49,1915,1437609600
ok,94.49,95.8,95.8,95.8,50,1437868800
ok,95.8,99.72,97.11,97.11,2131,1437955200
ok,97.11,96.45,93.19,94.49,1994,1438041600
ok,94.49,97.11,94.49,97.11,10486,1438128000
ok,97.11,97.11,95.8,96.78,1966,1438214400
ok,96.78,96.78,96.78,96.78,1164,1438473600
ok,96.78,98.09,97.76,97.76,1838,1438560000
ok,97.76,104.61,99.06,104.61,16106,1438646400
ok,104.61,112.12,104.61,107.23,30623,1438732800
ok,107.55,106.57,104.61,104.94,4210,1438819200
ok,104.94,106.25,103.63,103.63,4094,1439078400
ok,103.63,102.98,98.74,100.04,10044,1439164800
ok,100.04,101.68,99.72,100.37,3054,1439251200
ok,99.39,102.98,99.39,102.98,832,1439337600
ok,102.0,103.96,102.0,103.96,1419,1439424000
ok,102.66,102.66,101.35,101.68,1019,1439683200
ok,102.33,102.98,101.68,102.98,658,1439769600
ok,103.96,105.59,103.96,105.59,1663,1439856000
ok,104.94,106.25,104.29,105.27,7433,1439942400
ok,104.94,108.2,103.96,106.57,7119,1440028800
ok,105.27,105.27,103.96,103.96,110,1440288000
ok,104.94,105.27,103.96,105.27,3164,1440374400
ok,104.29,105.59,104.29,104.94,4522,1440460800
ok,104.94,104.94,103.63,104.94,2070,1440547200
ok,106.25,107.55,104.94,105.27,9471,1440633600
ok,104.94,105.92,104.29,105.92,2406,1440979200
ok,105.92,104.94,103.31,104.61,2466,1441065600
ok,103.96,105.27,103.96,103.96,2232,1441238400
ok,103.96,104.94,103.96,104.94,761,1441497600
ok,103.96,105.92,103.96,105.92,738,1441584000
ok,105.59,107.23,105.27,107.23,3040,1441670400
ok,105.92,106.25,103.96,106.25,2346,1441756800
ok,106.25,106.57,105.59,105.59,2164,1441843200
ok,104.29,106.57,104.29,106.57,995,1442102400
ok,107.88,111.47,106.57,109.51,4857,1442188800
ok,111.14,113.1,108.86,109.84,2566,1442275200
ok,111.47,113.1,111.47,112.12,1460,1442361600
ok,112.78,112.78,108.2,108.86,2216,1442448000
ok,108.2,108.2,108.2,108.2,970,1442880000
ok,108.2,111.14,108.2,108.2,2237,1442966400
ok,109.84,111.14,109.84,110.16,1600,1443052800
ok,110.16,110.16,108.53,108.53,315,1443398400
ok,106.9,108.86,106.9,108.86,934,1443484800
ok,107.23,111.8,107.23,111.8,3359,1443571200
ok,110.82,112.45,110.82,112.45,1647,1443657600
ok,111.47,111.8,110.82,110.82,2397,1444003200
ok,109.84,112.12,109.84,111.47,2179,1444089600
ok,110.49,111.47,109.84,111.47,3304,1444176000
ok,112.78,114.08,110.82,112.12,4636,1444262400
ok,111.47,111.47,111.47,111.47,526,1444521600
ok,113.1,113.1,112.78,112.78,114,1444780800
ok,111.47,111.47,111.47,111.47,1407,1444867200
ok,111.47,111.47,111.47,111.47,337,1445126400
ok,109.84,109.84,108.2,108.2,796,1445212800
ok,106.57,106.57,105.59,105.59,409,1445904000
ok,104.29,104.94,102.98,104.94,2629,1445990400
ok,106.25,106.25,105.27,105.27,524,1446076800
ok,106.57,106.57,106.57,106.57,49,1446336000
ok,106.57,106.9,105.59,105.59,1011,1446422400
ok,106.57,106.57,106.57,106.57,49,1446508800
ok,107.23,107.23,106.25,106.25,654,1446595200
ok,105.27,106.9,104.94,105.59,1176,1446681600
ok,105.59,106.9,105.59,106.9,567,1447027200
ok,108.2,108.2,108.2,108.2,76,1447632000
ok,106.57,106.57,106.57,106.57,26,1448150400
ok,105.27,105.27,105.27,105.27,1000,1448236800
ok,103.96,104.94,103.63,103.63,5398,1448323200
ok,102.66,103.63,102.66,103.63,1053,1448409600
ok,102.98,107.23,102.98,107.23,840,1448496000
ok,108.53,111.8,106.25,106.57,10583,1448755200
ok,107.88,108.53,105.92,106.25,4494,1448841600
ok,106.25,107.55,105.92,106.25,3516,1448928000
ok,105.27,105.27,105.27,105.27,300,1449014400
ok,104.94,104.94,104.94,104.94,100,1449100800
ok,103.63,104.94,103.63,104.94,1773,1449187200
ok,103.96,106.9,102.98,105.59,3330,1449446400
ok,105.59,105.59,105.59,105.59,490,1449532800
ok,106.57,109.18,106.57,107.23,4929,1449619200
ok,105.27,106.57,105.27,106.25,2848,1449705600
ok,106.9,106.9,106.9,106.9,92,1449964800
ok,106.9,109.18,106.9,109.18,250,1450051200
ok,107.55,107.55,104.94,104.94,3000,1450137600
ok,106.25,106.25,105.27,105.27,526,1450224000
ok,104.94,106.25,103.63,103.63,2506,1450310400
ok,103.63,111.14,104.94,109.51,4089,1450569600
ok,109.51,107.88,106.57,107.88,1455,1450656000
ok,106.57,106.9,105.59,106.9,833,1450742400
ok,106.9,109.84,108.2,108.2,1165,1450828800
ok,107.55,107.55,107.23,107.23,288,1450915200
ok,108.53,108.53,106.9,107.23,1721,1451001600
ok,107.23,107.55,107.23,107.23,2539,1451260800
ok,107.23,106.57,105.27,106.57,1844,1451347200
ok,106.57,109.84,105.92,108.86,1303,1451520000
ok,108.65,109.95,109.95,109.95,72,1451779200
ok,111.26,111.26,111.26,111.26,50,1451952000
ok,112.56,112.56,112.56,112.56,10,1457222400
ok,113.86,120.81,113.86,120.81,50,1457568000
ok,122.55,129.93,122.55,129.93,3780,1457827200
ok,131.66,139.91,131.66,139.91,1698,1457913600
ok,142.08,151.2,142.08,151.2,2299,1458000000
ok,153.37,153.37,142.95,142.95,270,1458086400
ok,145.12,145.12,135.14,135.57,3372,1458172800
ok,133.4,133.4,133.4,133.4,500,1458518400
ok,133.4,133.4,125.15,125.15,3811,1458777600
ok,125.15,134.7,123.41,134.7,3313,1459036800
ok,134.7,132.97,126.02,129.49,1185,1459123200
ok,128.19,131.66,128.19,131.66,850,1459209600
ok,131.66,132.53,129.49,129.49,835,1459296000
ok,129.49,127.76,127.76,127.76,400,1459382400
ok,127.76,126.45,126.45,126.45,458,1459641600
ok,126.45,124.72,122.11,122.11,510,1459728000
ok,122.11,123.85,122.11,123.85,1267,1459814400
ok,123.85,122.98,122.11,122.55,1200,1459900800
ok,122.55,124.28,122.11,122.11,1299,1460246400
ok,122.11,120.37,119.51,119.51,458,1460332800
ok,119.67,128.71,121.26,128.71,69,1497484800
ok,128.71,138.82,126.58,127.65,14108,1497744000
ok,126.05,126.05,124.46,124.46,200,1497830400
ok,123.92,124.99,120.2,120.2,3720,1497916800
ok,120.73,120.73,114.35,115.41,5424,1498003200
ok,115.41,120.2,113.82,117.01,7152,1498089600
ok,115.95,120.2,115.95,119.67,5961,1498348800
ok,119.67,119.67,119.67,119.67,276,1498521600
ok,118.07,118.07,116.48,116.48,2734,1498608000
ok,114.88,116.48,114.88,114.88,759,1498953600
ok,114.88,116.48,114.35,116.48,2917,1499040000
ok,118.07,118.07,116.48,117.54,3000,1499126400
ok,116.48,118.07,115.95,118.07,1954,1499212800
ok,119.14,119.67,114.88,118.07,9377,1499299200
ok,118.07,127.12,119.67,127.12,14012,1499558400
ok,128.71,136.69,128.71,131.37,24000,1499644800
ok,131.37,131.37,127.65,129.24,2997,1499731200
ok,128.18,129.24,126.58,127.65,3331,1499817600
ok,127.65,128.18,126.05,128.18,8887,1499904000
ok,129.77,131.37,126.05,128.18,6833,1500163200
ok,129.24,130.31,127.12,128.71,6537,1500249600
ok,129.77,132.97,129.77,132.97,5540,1500336000
ok,130.84,132.43,130.84,130.84,830,1500422400
ok,130.84,131.37,129.24,131.37,2053,1500508800
ok,132.97,132.97,130.84,130.84,323,1500768000
ok,130.84,130.84,129.24,129.24,3018,1500854400
ok,130.31,133.5,130.31,131.37,6272,1500940800
ok,132.97,132.97,130.31,131.9,3969,1501027200
ok,130.31,133.5,130.31,132.97,1196,1501113600
ok,130.84,132.43,128.18,129.77,10962,1501372800
ok,130.31,135.63,130.31,135.09,10956,1501459200
ok,137.75,139.88,136.16,139.88,20597,1501545600
ok,141.48,141.48,135.63,135.63,7368,1501632000
ok,135.63,139.88,135.63,139.88,9678,1501718400
ok,137.75,137.75,135.63,135.63,69,1501977600
ok,135.63,135.63,133.5,133.5,1607,1502064000
ok,133.5,135.63,133.5,135.09,2381,1502236800
ok,132.97,135.63,132.97,134.56,432,1502323200
ok,132.97,132.97,132.97,132.97,166,1502582400
ok,132.97,135.09,131.37,133.5,1342,1502755200
ok,135.63,137.75,132.97,132.97,1952,1502841600
ok,130.84,130.84,130.84,130.84,47,1502928000
ok,132.43,132.43,130.31,130.31,3528,1503187200
ok,130.84,130.84,128.71,128.71,6010,1503273600
ok,130.31,131.9,128.71,131.9,1792,1503360000
ok,130.31,133.5,129.77,133.5,1508,1503446400
ok,133.5,132.97,130.84,130.84,429,1503532800
ok,130.84,130.31,129.77,130.31,211,1503792000
ok,128.71,131.9,128.71,128.71,2045,1503878400
ok,128.71,128.71,126.05,127.12,2181,1504051200
ok,127.12,127.65,121.26,121.26,6531,1504137600
ok,119.67,123.39,119.67,121.26,1997,1504483200
ok,122.86,124.46,122.86,124.46,1207,1504656000
ok,126.05,127.12,124.46,126.58,2335,1504742400
ok,126.58,126.58,123.39,123.39,232,1505001600
ok,124.99,124.99,123.92,123.92,530,1505088000
ok,122.33,123.39,122.33,122.33,1787,1505174400
ok,122.33,122.33,119.67,119.67,884,1505260800
ok,121.26,126.05,121.26,125.52,897,1505347200
ok,127.65,127.65,124.99,126.58,6098,1505606400
ok,124.99,127.65,123.92,126.05,521,1505692800
ok,127.65,127.65,124.46,124.46,237,1505865600
ok,124.46,124.46,122.86,122.86,364,1506211200
ok,124.46,127.65,124.46,127.12,150,1506297600
ok,127.65,127.65,126.05,126.58,1750,1506384000
ok,125.52,126.58,125.52,126.05,304,1507420800
ok,124.99,124.99,123.39,123.39,865,1507507200
ok,122.33,123.92,120.2,122.33,5590,1507593600
ok,120.73,122.33,120.73,121.8,3299,1507680000
ok,121.8,124.99,121.8,122.86,2498,1507766400
ok,121.8,122.86,121.26,122.86,1155,1508025600
ok,124.46,127.65,124.46,127.65,815,1508112000
ok,127.65,129.24,125.52,125.52,1840,1508198400
ok,125.52,128.18,123.92,128.18,1982,1508284800
ok,127.65,130.31,127.65,128.71,4663,1508630400
ok,128.71,131.9,129.24,131.9,3652,1508716800
ok,131.9,130.31,129.77,130.31,1413,1508803200
ok,130.31,131.37,130.31,131.37,342,1508889600
ok,131.37,131.37,128.71,128.71,3232,1509235200
ok,127.12,127.12,127.12,127.12,75,1509321600
ok,128.18,128.18,126.58,126.58,3122,1509408000
ok,126.05,127.12,125.52,126.05,5962,1509494400
ok,127.65,127.65,126.58,127.12,4713,1509580800
ok,125.52,126.58,124.46,126.58,4116,1509840000
ok,126.58,127.65,126.58,127.65,816,1509926400
ok,126.58,129.24,126.58,128.18,3287,1510012800
ok,126.58,128.18,125.52,128.18,1604,1510099200
ok,126.58,128.71,125.52,128.71,9261,1510185600
ok,128.71,130.84,129.24,130.31,2466,1510444800
ok,130.84,130.84,128.71,128.71,8740,1510531200
ok,130.31,131.37,129.24,129.77,4273,1510617600
ok,127.65,129.77,127.65,128.71,7872,1510704000
ok,127.65,129.24,127.65,129.24,515,1510790400
ok,128.71,127.65,125.52,127.12,6191,1511049600
ok,125.52,125.52,125.52,125.52,1384,1511222400
ok,126.58,126.58,126.58,126.58,519,1511308800
ok,126.58,124.99,123.39,124.46,575,1511395200
ok,124.46,126.05,122.86,126.05,444,1511654400
ok,126.05,127.65,125.52,126.05,2899,1511740800
ok,124.46,125.52,124.46,124.99,1381,1511827200
ok,124.99,129.77,124.99,129.77,3434,1511913600
ok,128.18,128.18,126.58,126.58,194,1512000000
ok,124.99,125.52,124.46,124.46,1268,1512345600
ok,123.39,124.99,123.39,124.46,1051,1512432000
ok,124.46,128.18,123.92,128.18,3616,1512518400
ok,126.58,126.58,123.39,123.39,4531,1512864000
ok,124.99,127.12,124.46,124.46,14703,1512950400
ok,126.05,126.05,123.39,124.99,3129,1513036800
ok,124.99,126.05,123.92,124.46,1410,1513123200
ok,125.52,126.05,124.99,126.05,1569,1513209600
ok,124.99,124.99,119.14,121.8,10806,1513468800
ok,123.39,124.99,117.01,118.07,9209,1513555200
ok,118.07,122.06,115.68,115.68,1675,1513641600
ok,114.88,117.28,114.88,117.28,936,1513728000
ok,117.28,117.28,115.68,117.28,200,1513814400
ok,114.08,115.68,114.08,115.68,530,1514073600
ok,117.28,117.28,115.68,115.68,600,1514246400
ok,114.88,114.88,110.1,110.1,1013,1514419200
ok,108.5,108.5,108.5,108.5,609,1514678400
ok,110.1,114.88,108.5,114.88,3494,1514764800
ok,114.88,114.88,111.69,113.29,1380,1514851200
ok,111.69,111.69,111.69,111.69,50,1514937600
ok,110.1,110.1,108.5,110.1,903,1515024000
ok,110.1,110.1,108.5,108.5,800,1515283200
ok,110.1,113.29,110.1,113.29,457,1515369600
ok,113.29,113.29,111.69,113.29,711,1515456000
ok,114.88,116.48,114.08,114.08,1617,1515542400
ok,112.49,112.49,106.9,106.9,3000,1515888000
ok,105.31,106.9,105.31,106.9,2904,1516060800
ok,108.5,108.5,108.5,108.5,259,1516147200
ok,109.3,111.69,109.3,109.3,1777,1516492800
ok,107.7,108.5,106.11,106.9,2195,1516579200
ok,106.9,108.5,106.9,108.5,80,1516665600
ok,108.5,108.5,108.5,108.5,194,1516752000
ok,110.1,110.1,107.7,108.5,4981,1516838400
ok,107.7,110.1,107.7,109.3,3141,1517097600
ok,109.3,109.3,109.3,109.3,1616,1517184000
ok,108.5,110.1,108.5,110.1,693,1517356800
ok,109.3,110.1,108.5,108.5,1117,1517443200
ok,106.9,108.5,105.31,106.11,2704,1517702400
ok,107.7,107.7,106.11,106.11,4305,1517788800
ok,107.7,109.3,107.7,109.3,325,1517875200
ok,107.7,107.7,107.7,107.7,199,1517961600
ok,108.5,108.5,107.7,107.7,145,1518048000
ok,107.7,107.7,107.7,107.7,1455,1518307200
ok,109.3,109.3,109.3,109.3,10,1518393600
ok,107.7,107.7,107.7,107.7,6953,1518566400
ok,107.7,114.08,107.7,114.08,1498,1518652800
ok,114.08,114.08,112.49,112.49,1265,1518912000
ok,110.89,110.89,110.89,110.89,330,1519084800
ok,109.3,109.3,107.7,107.7,590,1519689600
ok,106.11,106.11,104.51,104.51,1096,1519776000
ok,102.12,102.12,102.12,102.12,50,1520294400
ok,103.71,103.71,98.93,102.12,6696,1520380800
ok,102.12,100.52,100.52,100.52,200,1520726400
ok,100.52,99.72,98.13,98.13,1048,1520812800
ok,98.13,98.13,98.13,98.13,1030,1520899200
ok,99.72,99.72,98.13,98.13,328,1520985600
ok,98.13,98.13,98.13,98.13,550,1521331200
ok,97.33,97.33,96.53,97.33,1000,1521417600
ok,98.13,101.32,95.74,97.33,12161,1521504000
ok,98.13,98.13,96.53,96.53,3098,1521590400
ok,95.74,97.33,94.94,94.94,1991,1521676800
ok,93.34,93.34,90.95,90.95,580,1522022400
ok,91.75,94.14,90.95,92.54,6530,1522108800
ok,91.75,93.34,91.75,93.34,2100,1522195200
ok,94.14,94.94,93.34,94.94,2250,1522281600
ok,94.94,94.94,94.94,94.94,1282,1522540800
ok,94.14,94.14,93.34,93.34,202,1522627200
ok,93.34,94.94,93.34,94.94,1864,1522800000
ok,96.53,96.53,94.94,96.53,1580,1522886400
ok,99.72,99.72,98.13,98.13,2055,1523145600
ok,97.33,99.72,97.33,98.93,1528,1523232000
ok,98.13,98.13,97.33,98.13,1372,1523318400
ok,99.72,99.72,97.33,97.33,208,1523404800
ok,95.74,95.74,94.14,94.14,2060,1523491200
ok,94.14,95.74,93.34,95.74,1600,1523750400
ok,97.33,97.33,96.53,96.53,300,1523836800
ok,96.53,99.72,96.53,97.33,8372,1523923200
ok,98.93,102.12,98.93,102.12,349,1524009600
ok,101.32,103.71,97.33,97.33,4887,1524096000
ok,97.33,106.9,98.93,106.9,9140,1524355200
ok,106.9,106.9,102.12,103.71,2514,1524441600
ok,101.32,102.12,99.72,100.52,2371,1524528000
ok,98.13,99.72,96.53,96.53,3030,1524614400
ok,98.13,99.72,95.74,97.33,1610,1524700800
ok,94.14,94.14,94.14,94.14,200,1524960000
ok,94.14,98.93,94.14,98.93,1542,1525219200
ok,100.52,100.52,97.33,98.93,1060,1525305600
ok,97.33,103.71,95.74,102.12,2717,1525564800
ok,102.12,102.12,96.53,98.13,3015,1525737600
ok,98.13,97.33,94.94,95.74,8191,1525824000
ok,95.74,97.33,94.14,95.74,4440,1525910400
ok,96.53,96.53,94.94,95.74,1852,1526256000
ok,93.34,93.34,93.34,93.34,75,1526342400
ok,94.94,96.53,94.94,96.53,150,1526428800
ok,95.74,97.33,95.74,95.74,540,1526515200
ok,97.33,102.12,97.33,102.12,60,1526774400
ok,100.52,100.52,95.74,95.74,265,1526947200
ok,97.33,97.33,97.33,97.33,200,1527033600
ok,97.33,98.93,98.93,98.93,69,1527120000
ok,97.33,97.33,95.74,95.74,350,1527379200
ok,95.74,97.33,97.33,97.33,656,1527465600
ok,95.74,95.74,95.74,95.74,300,1527552000
ok,95.74,95.74,94.14,95.74,775,1527638400
ok,95.74,95.74,94.94,94.94,700,1527724800
ok,93.34,94.94,93.34,93.34,2143,1527984000
ok,93.34,93.34,93.34,93.34,761,1528070400
ok,91.75,91.75,91.75,91.75,630,1528243200
ok,92.54,92.54,92.54,92.54,230,1528329600
ok,91.75,91.75,91.75,91.75,700,1528588800
ok,93.34,93.34,92.54,92.54,1415,1528675200
ok,93.34,93.34,92.54,93.34,523,1528848000
ok,94.14,94.14,92.54,92.54,2045,1528934400
ok,90.95,91.75,90.95,91.75,214,1529193600
ok,90.15,92.54,90.15,92.54,1634,1529280000
ok,90.95,90.95,90.95,90.95,50,1529366400
ok,90.95,90.95,90.15,90.15,246,1529452800
ok,91.75,91.75,90.95,90.95,450,1529539200
ok,92.54,92.54,92.54,92.54,50,1529798400
ok,94.14,94.14,94.14,94.14,150,1529884800
ok,92.54,92.54,91.75,91.75,2155,1529971200
ok,90.95,90.95,90.15,90.95,350,1530057600
ok,91.75,93.34,91.75,92.54,1300,1530144000
ok,89.35,92.54,89.35,92.54,1909,1530403200
ok,93.34,93.34,93.34,93.34,100,1530403200
ok,91.75,91.75,91.75,91.75,600,1530489600
ok,92.54,92.54,90.95,92.54,1887,1530489600
ok,90.95,91.75,90.95,91.75,982,1530576000
ok,90.15,92.54,90.15,92.54,347,1530662400
ok,94.14,94.14,94.14,94.14,10,1530748800
ok,92.54,94.14,89.35,90.95,11239,1531008000
ok,89.35,90.15,87.76,90.15,3115,1531094400
ok,91.75,91.75,90.15,90.15,1050,1531180800
ok,91.75,92.54,90.95,90.95,3684,1531267200
ok,90.15,90.95,89.35,90.15,919,1531353600
ok,88.56,90.95,87.76,90.15,2230,1531612800
ok,90.95,90.95,90.95,90.95,2600,1531699200
ok,91.75,91.75,90.15,90.95,3581,1531785600
ok,92.54,92.54,92.54,92.54,100,1531872000
ok,94.14,94.14,91.75,91.75,770,1531958400
ok,93.34,93.34,93.34,93.34,100,1532217600
ok,94.14,94.14,92.54,92.54,60,1532304000
ok,92.54,94.14,89.35,90.15,3257,1532390400
ok,90.15,90.95,89.35,90.95,333,1532476800
ok,91.75,91.75,89.35,90.15,2024,1532563200
ok,91.75,91.75,89.35,89.35,1367,1532822400
ok,89.35,90.15,89.35,89.35,1423,1532908800
ok,89.35,90.95,87.76,87.76,4565,1532995200
ok,89.35,92.54,89.35,92.54,1909,1533081600
ok,92.54,92.54,90.95,92.54,1887,1533168000
ok,90.95,91.75,89.35,90.95,2517,1533427200
ok,90.95,92.54,90.95,92.54,600,1533513600
ok,90.95,90.95,90.95,90.95,10,1533600000
ok,90.15,92.54,90.15,91.75,2158,1533686400
ok,92.54,92.54,90.15,90.15,1356,1533772800
ok,90.15,90.95,90.15,90.95,1750,1534032000
ok,89.35,90.95,89.35,90.95,1484,1534118400
ok,90.95,91.75,90.95,91.75,562,1534204800
ok,92.54,95.74,90.95,95.74,1233,1534291200
ok,94.94,96.53,91.75,96.53,3726,1534377600
ok,94.94,94.94,93.34,93.34,210,1534636800
ok,94.14,94.14,91.75,93.34,5254,1534723200
ok,91.75,91.75,91.75,91.75,460,1534809600
ok,90.15,93.34,90.15,93.34,120,1534896000
ok,91.75,94.14,91.75,94.14,1817,1535414400
ok,92.54,94.14,90.95,90.95,3937,1535500800
ok,92.54,93.34,92.54,93.34,682,1535587200
ok,91.75,93.34,91.75,93.34,1202,1535846400
ok,94.94,98.13,92.54,96.53,8013,1535932800
ok,98.13,98.13,94.14,94.94,1516,1536019200
ok,94.14,98.93,94.14,98.93,5343,1536105600
ok,97.33,97.33,94.14,94.14,110,1536624000
ok,92.54,96.53,92.54,96.53,4906,1536710400
ok,98.13,97.33,94.94,95.74,368,1536796800
ok,95.74,97.33,94.94,95.74,4766,1537056000
ok,95.74,96.53,94.94,96.53,1892,1537142400
ok,95.74,98.13,94.94,94.94,3032,1537228800
ok,95.74,98.13,94.94,98.13,2560,1537401600
ok,99.72,99.72,96.53,98.13,3284,1537660800
ok,98.93,102.92,98.93,102.12,12230,1537833600
ok,102.12,102.12,98.93,98.93,10698,1537920000
ok,97.33,101.32,97.33,101.32,749,1538006400
ok,101.32,101.32,97.33,97.33,1625,1538265600
ok,97.33,98.93,95.74,95.74,7718,1538352000
ok,97.33,98.93,97.33,97.33,5204,1538438400
ok,98.13,98.13,95.74,95.74,1913,1538524800
ok,97.33,98.93,97.33,98.93,3998,1538611200
ok,97.33,97.33,94.14,94.14,3071,1538870400
ok,95.74,98.93,95.74,98.93,12278,1538956800
ok,97.33,98.93,97.33,97.33,1018,1539043200
ok,95.74,95.74,95.74,95.74,96,1539129600
ok,97.33,97.33,97.33,97.33,100,1539216000
ok,97.33,98.93,97.33,98.93,367,1539475200
ok,100.52,101.32,99.72,100.52,11001,1539561600
ok,102.12,102.12,100.52,100.52,841,1540080000
ok,99.72,102.12,98.93,99.72,10442,1540166400
ok,101.32,102.92,98.93,98.93,3179,1540252800
ok,100.52,102.12,100.52,100.52,2431,1540339200
ok,102.12,102.12,98.93,99.72,3082,1540425600
ok,99.72,99.72,98.93,99.72,1349,1540684800
ok,99.72,101.32,99.72,100.52,6246,1540771200
ok,102.12,102.12,100.52,102.12,3283,1540857600
ok,102.4,102.4,98.92,102.4,1172,1540944000
ok,100.66,100.66,100.66,100.66,100,1541030400
ok,99.79,99.79,99.79,99.79,300,1541289600
ok,101.53,101.53,100.66,101.53,2329,1541376000
ok,98.92,98.92,98.92,98.92,1823,1542153600
ok,98.92,100.66,98.92,100.66,50,1542240000
ok,100.66,100.66,100.66,100.66,210,1542499200
ok,100.66,100.66,99.79,99.79,103,1542585600
ok,99.79,99.79,98.06,98.06,100,1542672000
ok,98.06,98.06,96.32,96.32,93,1542758400
ok,96.32,97.19,94.59,97.19,678,1542844800
ok,97.19,98.92,97.19,97.19,1665,1543104000
ok,97.19,98.06,95.45,95.45,1290,1543190400
ok,95.45,97.19,95.45,97.19,721,1543276800
ok,97.19,97.19,95.45,95.45,389,1543363200
ok,95.45,96.32,95.45,95.45,1034,1543449600
ok,95.45,95.45,94.59,94.59,1333,1543708800
ok,94.59,95.45,94.59,94.59,970,1543795200
ok,94.59,94.59,94.59,94.59,193,1543881600
ok,95.45,95.45,93.72,93.72,1137,1544054400
ok,93.72,94.59,92.85,94.59,162,1544313600
ok,94.59,97.19,93.72,97.19,2667,1544486400
ok,97.19,100.66,97.19,98.92,30,1544572800
ok,98.92,98.92,95.45,95.45,1024,1544659200
ok,95.45,98.92,95.45,98.92,80,1544918400
ok,98.92,100.66,98.92,100.66,10,1545004800
ok,100.66,100.66,100.66,100.66,200,1545091200
ok,100.66,100.66,98.92,99.79,1025,1545177600
ok,99.79,100.66,96.32,96.32,2630,1545264000
ok,96.32,96.32,95.45,95.45,1229,1545523200
ok,95.45,97.19,95.45,97.19,346,1545609600
ok,97.19,97.19,95.45,95.45,2137,1545696000
ok,95.45,97.19,95.45,95.45,196,1545782400
ok,95.45,97.19,95.45,95.45,124,1545868800
ok,95.45,95.45,93.72,94.59,322,1546128000
ok,94.59,96.32,94.59,96.32,196,1546214400
ok,96.32,96.32,94.59,96.32,2908,1546300800
ok,96.32,98.06,95.45,96.32,1695,1546387200
ok,96.32,96.32,94.59,94.59,23,1546473600
ok,94.59,96.32,94.59,94.59,509,1546732800
ok,94.59,96.32,94.59,95.45,619,1546819200
ok,95.45,95.45,92.85,93.72,166,1546905600
ok,93.72,95.45,93.72,95.45,198,1546992000
ok,95.45,101.53,95.45,98.92,3595,1547337600
ok,98.92,98.92,94.59,94.59,651,1547596800
ok,94.59,98.06,94.59,98.06,114,1547683200
ok,98.06,100.66,98.06,100.66,104,1548028800
ok,100.66,100.66,98.92,99.79,1142,1548115200
ok,99.79,99.79,96.32,96.32,822,1548288000
ok,96.32,98.06,95.45,95.45,1160,1548547200
ok,95.45,96.32,95.45,95.45,1236,1548633600
ok,95.45,97.19,95.45,97.19,1216,1548720000
ok,97.19,97.19,95.45,95.45,824,1548806400
ok,95.45,95.45,94.59,95.45,6627,1548892800
ok,94.59,95.45,94.59,94.59,4650,1549152000
ok,95.45,98.06,94.59,98.06,8464,1549238400
ok,96.32,98.06,95.45,95.45,1212,1549324800
ok,94.59,95.45,93.72,94.59,4536,1549411200
ok,94.59,96.32,94.59,96.32,2412,1549497600
ok,96.32,98.06,95.45,95.45,1207,1549756800
ok,95.45,96.32,94.59,95.45,4626,1549843200
ok,97.19,97.19,95.45,96.32,699,1549929600
ok,95.45,97.19,95.45,95.45,393,1550016000
ok,95.45,95.45,95.45,95.45,1428,1550102400
ok,97.19,97.19,95.45,97.19,23,1550361600
ok,95.45,97.19,95.45,97.19,66,1550448000
ok,96.32,97.19,96.32,97.19,1599,1550534400
ok,95.45,97.19,95.45,95.45,1038,1550620800
ok,97.19,97.19,95.45,97.19,50,1550707200
ok,95.45,97.19,94.59,95.45,3421,1551052800
ok,95.45,96.32,92.85,92.85,6809,1551139200
ok,94.59,94.59,92.85,93.72,2928,1551225600
ok,95.45,95.45,93.72,94.59,3600,1551571200
ok,95.45,98.92,94.59,98.92,8129,1551744000
ok,97.19,98.92,95.45,97.19,11097,1551830400
ok,95.45,97.19,90.25,92.85,1519,1551916800
ok,94.59,94.59,92.85,94.59,10,1552089600
ok,94.59,94.59,92.85,94.59,10,1552176000
ok,92.85,94.59,91.11,91.11,1529,1552262400
ok,92.85,93.72,91.11,92.85,2736,1552348800
ok,91.98,92.85,91.11,91.11,716,1552435200
ok,91.11,93.72,91.11,92.85,2069,1552521600
ok,94.59,95.45,91.98,95.45,3226,1552780800
ok,95.45,95.45,92.85,92.85,4248,1552867200
ok,91.98,92.85,91.98,92.85,1086,1552953600
ok,92.85,93.72,91.98,91.98,883,1553126400
ok,92.85,92.85,91.98,91.98,905,1553385600
ok,91.11,92.85,90.25,92.85,3546,1553472000
ok,91.11,91.98,90.25,91.98,1614,1553558400
ok,91.98,92.85,91.11,92.85,162,1553644800
ok,91.11,91.98,91.11,91.98,2390,1553731200
ok,91.98,91.98,91.11,91.11,415,1553990400
ok,91.11,92.85,91.11,91.98,2879,1554076800
ok,93.72,93.72,92.85,93.72,4918,1554163200
ok,94.59,94.59,92.85,92.85,4609,1554249600
ok,92.85,93.72,92.85,92.85,700,1554336000
ok,91.98,92.85,91.98,91.98,794,1554595200
ok,91.98,94.59,92.85,93.72,1078,1554681600
ok,93.72,93.72,92.85,92.85,1650,1554768000
ok,92.85,93.72,91.98,93.72,2414,1554854400
ok,93.72,94.59,93.72,94.59,412,1554940800
ok,92.85,92.85,92.85,92.85,739,1555286400
ok,92.85,98.92,92.85,98.92,1182,1555372800
ok,98.92,99.79,97.19,97.19,1264,1555459200
ok,97.19,97.19,93.72,94.59,1059,1555545600
ok,92.85,95.45,92.85,93.72,3744,1555804800
ok,92.85,96.32,92.85,96.32,370,1555891200
ok,94.59,94.59,92.85,92.85,3499,1555977600
ok,92.85,96.32,91.98,96.32,9595,1556064000
ok,97.19,100.66,94.59,95.45,8281,1556150400
ok,96.32,100.66,95.45,98.06,10328,1556409600
ok,98.06,98.92,95.45,97.19,4734,1556496000
ok,96.32,96.32,96.32,96.32,2610,1556582400
ok,94.59,97.19,93.72,94.59,9363,1556755200
ok,95.45,95.45,93.72,94.59,5073,1557014400
ok,94.59,95.45,94.59,95.45,2300,1557100800
ok,95.45,97.19,95.45,97.19,4396,1557187200
ok,98.92,98.92,96.32,96.32,1926,1557273600
ok,95.45,95.45,95.45,95.45,2000,1557360000
ok,92.85,96.32,92.85,96.32,3641,1557619200
ok,96.32,96.32,95.45,96.32,847,1557705600
ok,94.59,98.06,94.59,97.19,1934,1557792000
ok,98.92,101.53,98.06,98.06,5767,1557878400
ok,99.79,99.79,97.19,98.06,4748,1557964800
ok,97.19,101.53,97.19,98.06,6734,1558224000
ok,96.32,99.79,96.32,98.92,3414,1558310400
ok,99.79,106.73,98.92,106.73,14643,1558396800
ok,108.47,108.47,99.79,101.53,5895,1558483200
ok,100.66,100.66,99.79,99.79,4316,1558569600
ok,99.79,101.53,98.06,98.92,2202,1558828800
ok,98.92,100.66,98.92,100.66,1066,1558915200
ok,100.66,101.53,99.79,99.79,3204,1559001600
ok,101.53,105.87,101.53,101.53,1267,1559088000
ok,103.26,105.0,102.4,102.4,3870,1559174400
ok,104.13,106.73,101.53,101.53,15960,1559433600
ok,101.53,102.4,100.66,101.53,2525,1559520000
ok,103.26,103.26,100.66,100.66,1560,1559606400
ok,102.4,110.21,102.4,106.73,19896,1559779200
ok,106.73,106.73,100.66,103.26,3413,1560124800
ok,105.0,105.0,103.26,104.13,4010,1560211200
ok,104.13,107.6,102.4,107.6,8991,1560297600
ok,107.6,107.6,104.13,104.13,1858,1560384000
ok,103.26,103.26,102.4,102.4,3020,1560643200
ok,104.13,104.13,102.4,102.4,2696,1560729600
ok,101.53,103.26,101.53,102.4,2050,1560816000
ok,104.13,104.13,100.66,103.26,6796,1560902400
ok,101.53,103.26,101.53,103.26,2557,1560988800
ok,104.13,104.13,103.26,104.13,1093,1561248000
ok,103.26,105.0,103.26,104.13,1045,1561334400
ok,103.26,103.26,103.26,103.26,10,1561420800
ok,101.53,103.26,101.53,102.4,919,1561507200
ok,101.53,103.26,101.53,101.53,89,1561593600
ok,102.4,104.13,102.4,102.4,1650,1561852800
ok,102.4,103.26,100.66,102.4,7307,1561939200
ok,100.66,105.0,102.4,105.0,344,1562025600
ok,103.26,103.26,103.26,103.26,3627,1562112000
ok,104.13,105.0,102.4,102.4,2190,1562198400
ok,104.13,105.87,104.13,105.0,4490,1562457600
ok,105.87,105.87,103.26,103.26,4036,1562544000
ok,104.13,105.87,104.13,104.13,2394,1562630400
ok,105.87,107.6,104.13,104.13,1749,1562716800
ok,103.26,103.26,101.53,101.53,3497,1562803200
ok,103.26,103.26,103.26,103.26,118,1563062400
ok,103.26,103.26,103.26,103.26,1632,1563148800
ok,103.26,103.26,101.53,103.26,7101,1563235200
ok,105.0,106.73,105.0,105.0,400,1563321600
ok,103.26,103.26,103.26,103.26,2000,1563408000
ok,104.13,104.13,104.13,104.13,425,1563667200
ok,103.26,105.0,103.26,103.26,883,1563753600
ok,104.13,105.87,104.13,105.87,1546,1563840000
ok,104.13,105.0,104.13,104.13,2895,1563926400
ok,104.13,104.13,103.26,103.26,3590,1564012800
ok,101.53,101.53,101.53,101.53,104,1564272000
ok,102.4,103.26,101.53,102.4,3344,1564358400
ok,102.4,104.13,102.4,104.13,210,1564444800
ok,105.0,105.0,103.26,105.0,15554,1564531200
ok,106.73,106.73,104.13,104.13,4425,1564617600
ok,104.13,104.13,103.26,103.26,3250,1564876800
ok,102.4,102.4,102.4,102.4,500,1564963200
ok,104.13,104.13,101.53,103.26,1389,1565049600
ok,101.53,103.26,101.53,103.26,1250,1565136000
ok,101.53,101.53,101.53,101.53,2116,1565222400
ok,100.66,100.66,100.66,100.66,1439,1565481600
ok,100.66,100.66,99.79,99.79,271,1565654400
ok,101.53,101.53,101.53,101.53,20,1565740800
ok,99.79,99.79,99.79,99.79,480,1565827200
ok,98.92,100.66,98.92,100.66,85,1566086400
ok,101.53,101.53,98.92,98.92,5719,1566172800
ok,98.92,99.79,98.06,98.06,6157,1566259200
ok,98.06,99.79,98.06,99.79,3312,1566345600
ok,99.79,99.79,99.79,99.79,1,1566432000
ok,98.06,98.06,97.19,97.19,66,1566691200
ok,98.06,98.06,98.06,98.06,37,1566864000
ok,97.19,99.79,97.19,99.79,405,1566950400
ok,101.53,101.53,101.53,101.53,10,1567036800
ok,99.79,99.79,98.06,98.06,1000,1567296000
ok,98.06,98.06,98.06,98.06,150,1567382400
ok,97.19,99.79,97.19,99.79,520,1567468800
ok,99.79,99.79,98.06,98.06,1244,1567555200
ok,98.92,99.79,98.92,99.79,380,1567641600
ok,99.79,99.79,98.92,98.92,1050,1567900800
ok,98.06,98.92,97.19,97.19,3380,1567987200
ok,96.32,97.19,92.85,92.85,5880,1568073600
ok,94.59,94.59,94.59,94.59,423,1568160000
ok,96.32,96.32,94.59,94.59,3456,1568246400
ok,96.32,96.32,93.72,93.72,1120,1568505600
ok,94.59,94.59,94.59,94.59,92,1568592000
ok,96.32,96.32,96.32,96.32,10,1568678400
ok,96.32,98.92,96.32,98.92,141,1568764800
ok,98.92,98.92,97.19,97.19,110,1569456000
ok,95.45,95.45,94.59,94.59,1555,1569801600
ok,95.45,98.92,95.45,98.92,445,1569888000
ok,98.06,98.06,94.59,94.59,1900,1569974400
ok,96.32,96.32,96.32,96.32,36,1570060800
ok,96.32,96.32,93.72,93.72,333,1571011200
ok,93.72,94.59,92.85,92.85,3039,1571184000
ok,91.11,91.11,91.11,91.11,89,1571702400
ok,92.85,96.32,92.85,96.32,405,1571788800
ok,98.06,99.79,98.06,99.79,3003,1571875200
ok,100.66,100.66,98.92,98.92,20,1572480000
ok,97.19,97.19,97.19,97.19,97,1572739200
ok,95.45,95.45,93.72,95.45,1175,1572825600
ok,97.19,97.19,93.72,93.72,3310,1572912000
ok,93.72,95.45,93.72,95.45,3083,1573084800
ok,93.72,95.45,93.72,95.45,235,1573344000
ok,93.72,95.45,91.98,95.45,343,1573430400
ok,97.19,97.19,91.98,93.72,59,1573516800
ok,93.72,94.59,93.72,93.72,450,1573603200
ok,93.72,95.45,94.59,94.59,2800,1573689600
ok,96.32,99.79,95.45,95.45,2676,1573948800
ok,97.19,98.92,97.19,98.06,1102,1574035200
ok,97.19,97.19,96.32,96.32,2473,1574121600
ok,95.45,99.79,94.59,95.45,3370,1574208000
ok,94.59,94.59,92.85,94.59,9294,1574294400
ok,95.45,96.32,95.45,95.45,1500,1574553600
ok,97.19,97.19,97.19,97.19,200,1574640000
ok,95.45,95.45,93.72,93.72,1465,1574726400
ok,93.72,95.45,93.72,95.45,229,1574812800
ok,97.19,97.19,95.45,96.32,554,1574899200
ok,97.19,97.19,95.45,96.32,554,1574899200
ok,96.32,98.06,96.32,98.06,2033,1575158400
ok,97.19,97.19,96.32,96.32,268,1575244800
ok,98.06,98.06,95.45,95.45,6485,1575331200
ok,97.19,97.19,95.45,95.45,32,1575417600
ok,95.45,97.19,93.72,93.72,10630,1575504000
ok,95.45,100.66,95.45,98.06,2990,1575849600
ok,99.79,99.79,97.19,97.19,542,1575936000
ok,98.92,98.92,97.19,98.06,1870,1576022400
ok,96.32,101.53,96.32,100.66,882,1576108800
ok,100.66,100.66,100.66,100.66,2003,1576368000
ok,100.66,102.4,100.66,102.4,150,1576454400
ok,101.53,101.53,99.79,99.79,1007,1576540800
ok,99.79,101.53,98.06,99.79,3440,1576627200
ok,99.79,99.79,98.06,98.92,953,1576713600
ok,99.79,99.79,99.79,99.79,2600,1576972800
ok,100.66,101.53,100.66,100.66,2685,1577059200
ok,102.4,102.4,98.06,99.79,3396,1577145600
ok,100.66,100.66,100.66,100.66,10,1577232000
ok,98.92,101.53,98.92,98.92,2404,1577318400
ok,98.92,99.79,98.92,99.79,366,1577577600
ok,101.53,101.53,101.53,101.53,10,1577664000
ok,101.53,103.26,100.66,102.4,1515,1577750400
ok,103.26,104.13,100.66,102.4,245,1577836800
ok,102.4,103.26,101.53,101.53,844,1577923200
ok,103.26,103.26,102.4,103.26,475,1578182400
ok,102.4,106.73,102.4,106.73,11142,1578268800
ok,108.47,117.15,108.47,117.15,26039,1578355200
ok,117.15,117.15,111.07,114.54,6969,1578441600
ok,112.81,112.81,109.34,110.21,5132,1578528000
ok,108.47,116.28,106.73,115.41,12560,1578787200
ok,114.54,124.09,114.54,121.49,36105,1578873600
ok,119.75,125.83,117.15,125.83,34835,1578960000
ok,125.83,127.56,122.35,123.22,9677,1579046400
ok,124.09,134.5,124.09,132.77,23250,1579132800
ok,135.37,140.58,127.56,140.58,12806,1579392000
ok,139.71,139.71,128.43,130.16,32861,1579478400
ok,131.9,131.9,124.09,131.9,7161,1579564800
ok,130.16,130.16,122.35,122.35,2333,1579651200
ok,124.09,131.03,121.49,124.09,10865,1579737600
ok,122.35,124.96,118.88,118.88,3263,1579996800
ok,118.02,122.35,118.02,120.62,6274,1580083200
ok,122.35,125.83,119.75,121.49,7136,1580169600
ok,119.75,122.35,118.88,121.49,5703,1580256000
ok,122.35,124.96,120.62,124.09,15174,1580342400
ok,123.22,128.43,119.75,128.43,5272,1580601600
ok,129.3,129.3,124.96,126.69,8485,1580688000
ok,125.83,132.77,125.83,128.43,10223,1580774400
ok,130.16,130.16,124.96,126.69,5821,1580860800
ok,126.69,131.9,126.69,131.03,25116,1580947200
ok,128.43,129.3,124.09,124.09,5480,1581206400
ok,125.83,128.43,124.09,127.56,10623,1581292800
ok,125.83,125.83,121.49,122.35,4923,1581379200
ok,120.62,134.5,120.62,134.5,6106,1581465600
ok,131.9,132.77,126.69,132.77,3683,1581552000
ok,130.16,131.9,124.96,124.96,6453,1581811200
ok,126.69,135.37,126.69,135.37,9407,1581897600
ok,141.45,141.45,130.16,130.16,8179,1581984000
ok,132.77,132.77,127.56,127.56,3573,1582070400
ok,127.56,129.3,124.09,129.3,3600,1582156800
ok,131.03,136.24,130.16,131.9,13954,1582416000
ok,131.9,137.11,128.43,130.16,18764,1582502400
ok,127.56,137.97,125.83,135.37,26287,1582588800
ok,132.77,137.97,130.16,133.64,6067,1582675200
ok,131.03,137.11,129.3,131.03,9944,1582761600
ok,131.03,134.5,128.43,130.16,7946,1583020800
ok,127.56,127.56,125.83,126.69,794,1583107200
ok,126.69,127.56,121.49,127.56,4541,1583193600
ok,125.83,125.83,118.02,118.02,9908,1583280000
ok,119.75,129.3,116.28,119.75,3650,1583366400
ok,118.02,118.02,116.28,116.28,2100,1583798400
ok,118.02,121.49,115.41,115.41,4112,1583884800
ok,113.68,120.62,112.81,117.15,6299,1583971200
ok,115.41,115.41,112.81,112.81,2280,1584230400
ok,114.54,116.28,111.07,112.81,1747,1584316800
ok,111.94,112.81,109.34,109.34,4710,1584403200
ok,107.6,109.34,106.73,109.34,429,1584489600
ok,107.6,108.47,98.92,98.92,71384,1584576000
ok,97.19,105.87,97.19,105.87,1275,1584835200
ok,104.13,104.13,104.13,104.13,10,1589328000
ok,104.13,104.13,104.13,102.4,10,1593388800
ok,104.13,105.87,104.13,105.87,400,1593475200
ok,107.6,112.81,107.6,112.81,700,1593561600
ok,111.07,111.07,101.53,101.53,2499,1593907200
ok,102.4,102.4,100.66,102.4,5611,1593993600
ok,104.13,109.34,102.4,105.87,5325,1594080000
ok,104.13,105.87,103.26,105.87,184,1594166400
ok,105.87,105.87,104.13,104.13,50,1594252800
ok,104.13,105.87,104.13,105.87,193,1594512000
ok,107.6,107.6,102.4,102.4,1466,1594598400
ok,101.53,103.26,101.53,103.26,283,1594684800
ok,102.4,105.0,101.53,104.13,4717,1594771200
ok,103.26,112.81,102.4,109.34,7278,1594857600
ok,111.07,111.07,111.07,111.07,100,1595116800
ok,116.28,116.28,109.34,109.34,4764,1595203200
ok,109.34,110.21,107.6,107.6,6701,1595289600
ok,107.6,107.6,104.13,104.13,870,1595376000
ok,109.34,109.34,104.13,106.73,1569,1595462400
ok,107.6,108.47,105.0,105.87,8409,1595721600
ok,107.6,107.6,106.73,106.73,178,1595808000
ok,106.73,107.6,105.87,106.73,1666,1595894400
ok,106.73,106.73,105.0,105.0,1616,1595980800
ok,105.87,106.73,103.26,105.87,1940,1596067200
ok,104.13,105.0,102.4,104.13,1657,1596326400
ok,102.4,104.13,102.4,103.26,1763,1596412800
ok,102.4,105.87,102.4,103.26,1832,1596585600
ok,102.4,104.13,102.4,102.4,1864,1596672000
ok,102.4,104.13,102.4,102.4,3920,1596931200
ok,103.26,107.6,103.26,105.87,2818,1597017600
ok,107.6,109.34,102.4,105.87,6364,1597104000
ok,105.0,107.6,104.13,105.0,2363,1597190400
ok,106.73,108.47,105.0,105.0,1919,1597276800
ok,105.87,105.87,104.13,105.0,1422,1597536000
ok,105.0,105.87,105.0,105.87,1571,1597622400
ok,105.87,106.73,105.0,106.73,118,1597708800
ok,105.0,105.0,104.13,105.0,2754,1597795200
ok,103.26,106.73,103.26,105.87,975,1597881600
ok,104.13,105.0,103.26,104.13,1446,1598140800
ok,103.26,105.0,103.26,105.0,2691,1598227200
ok,106.73,106.73,104.13,105.87,4669,1598313600
ok,105.87,107.6,104.13,105.0,4550,1598400000
ok,104.13,108.47,104.13,106.73,6432,1598486400
ok,106.73,109.34,105.0,107.6,1928,1598745600
ok,105.87,107.6,105.87,105.87,8343,1598832000
ok,105.0,110.21,105.0,109.34,6951,1599004800
ok,111.07,111.07,107.6,109.34,3556,1599091200
ok,111.07,111.94,107.6,107.6,6125,1599350400
ok,109.34,111.07,107.6,110.21,10631,1599436800
ok,109.34,111.94,106.73,109.34,9400,1599523200
ok,107.6,111.07,107.6,109.34,2972,1599609600
ok,107.6,109.34,107.6,109.34,1250,1599696000
ok,107.6,111.07,105.87,105.87,13204,1599955200
ok,107.6,109.34,107.6,107.6,10381,1600041600
ok,108.47,112.81,108.47,111.07,2261,1600128000
ok,108.47,110.21,108.47,110.21,3350,1600214400
ok,115.41,120.62,110.21,120.62,29218,1600300800
ok,122.35,131.9,122.35,131.9,43867,1600560000
ok,134.5,134.5,122.35,124.09,19401,1600646400
ok,122.35,126.69,118.88,118.88,9077,1600732800
ok,118.88,123.22,115.41,123.22,7716,1600819200
ok,129.3,129.3,123.22,123.22,14280,1600905600
ok,124.96,132.77,124.09,128.43,22191,1601164800
ok,130.16,139.71,130.16,138.84,50117,1601251200
ok,138.84,142.31,131.9,137.11,37010,1601337600
ok,134.5,142.31,131.9,140.58,20978,1601424000
ok,147.52,147.52,135.37,138.84,18113,1601510400
ok,138.84,138.84,134.5,136.24,19267,1601769600
ok,136.24,143.18,136.24,141.45,44588,1601856000
ok,141.45,142.31,137.11,142.31,23669,1601942400
ok,140.58,145.78,136.24,144.05,35503,1602028800
ok,144.92,157.93,144.92,153.59,97685,1602115200
ok,154.46,165.74,147.52,157.06,50662,1602374400
ok,159.67,159.67,149.26,149.26,15072,1602460800
ok,146.65,150.99,140.58,142.31,29198,1602547200
ok,148.39,148.39,138.84,139.71,20954,1602633600
ok,142.31,147.52,139.71,139.71,14425,1602720000
ok,137.11,140.58,137.11,138.84,5520,1602979200
ok,138.84,143.18,138.84,142.31,9545,1603065600
ok,142.31,147.52,142.31,144.92,10158,1603152000
ok,144.92,147.52,142.31,142.31,17155,1603238400
ok,149.26,149.26,143.18,146.65,30278,1603324800
ok,144.05,149.26,144.05,147.52,8932,1603843200
ok,147.52,150.12,146.65,149.26,16912,1603929600
ok,150.99,150.99,144.92,144.92,20934,1604188800
ok,137.97,147.52,137.97,145.78,14925,1604275200
ok,145.78,147.52,144.05,145.78,8288,1604361600
ok,144.92,145.78,144.05,144.92,4725,1604448000
ok,144.92,145.78,143.18,145.78,14089,1604534400
ok,143.18,147.52,143.18,147.52,11194,1604793600
ok,145.78,146.65,144.05,144.05,9363,1604880000
ok,144.05,150.99,144.05,150.12,24835,1604966400
ok,150.99,150.99,144.92,145.78,11920,1605052800
ok,148.39,148.39,145.78,146.65,8776,1605139200
ok,144.05,147.52,142.31,144.05,5186,1605657600
ok,142.31,148.39,142.31,144.92,14385,1605744000
ok,146.65,149.26,140.58,148.39,28093,1606003200
ok,145.78,150.99,143.18,145.78,22298,1606089600
ok,145.78,148.39,145.78,146.65,9151,1606176000
ok,145.78,156.2,144.05,154.46,27032,1606262400
ok,154.46,157.06,149.26,150.99,30651,1606348800
ok,149.26,157.06,147.52,150.99,23176,1606608000
ok,150.99,154.46,147.52,147.52,15781,1606694400
ok,144.92,147.52,144.92,144.92,12036,1606780800
ok,145.78,155.33,141.45,144.92,22890,1606867200
ok,143.18,144.05,141.45,144.05,12367,1606953600
ok,141.45,143.18,137.11,137.97,20273,1607212800
ok,137.97,144.05,136.24,143.18,12251,1607299200
ok,141.45,143.18,136.24,136.24,17887,1607385600
ok,138.84,140.58,134.5,138.84,11723,1607472000
ok,137.11,142.31,133.64,142.31,22906,1607558400
ok,142.31,142.31,139.71,139.71,2016,1607817600
ok,142.31,142.31,137.11,140.58,4290,1607904000
ok,137.97,140.58,136.24,137.97,9795,1607990400
ok,138.84,138.84,135.37,138.84,6484,1608076800
ok,136.24,138.84,136.24,137.97,10581,1608163200
ok,136.24,138.84,135.37,137.97,18633,1608422400
ok,135.37,137.11,132.77,137.11,14426,1608508800
ok,138.84,143.18,135.37,138.84,16510,1608595200
ok,138.84,139.71,135.37,135.37,5891,1608681600
ok,135.37,135.37,133.64,133.64,2759,1608768000
ok,134.5,137.11,134.5,135.37,1491,1609027200
ok,137.97,148.39,137.97,148.39,23264,1609113600
ok,155.33,155.33,142.31,142.31,26070,1609200000
ok,144.92,146.65,144.05,145.78,4408,1609286400
ok,146.65,147.52,143.18,143.18,12697,1609372800
ok,143.18,147.52,141.45,146.65,9380,1609632000
ok,149.26,149.26,144.92,146.65,9290,1609718400
ok,148.39,148.39,145.78,146.65,16222,1609804800
ok,148.39,149.26,146.65,147.52,15991,1609891200
ok,154.46,154.46,147.52,149.26,12664,1609977600
ok,148.39,151.86,148.39,150.12,14200,1610236800
ok,151.86,163.14,151.86,155.33,36372,1610323200
ok,157.93,159.67,152.73,159.67,30979,1610409600
ok,159.67,173.55,159.67,170.08,65767,1610496000
ok,173.55,184.83,173.55,178.76,67506,1610841600
ok,180.49,180.49,171.82,175.29,46217,1610928000
ok,176.16,177.89,169.21,172.68,32680,1611014400
ok,176.16,189.17,172.68,189.17,83548,1611100800
ok,191.78,207.4,186.57,203.92,100152,1611187200
ok,203.92,210.0,200.45,201.32,74756,1611446400
ok,204.27,205.2,189.42,194.99,73496,1611619200
ok,193.13,199.63,189.42,193.13,37545,1611705600
ok,196.84,196.84,187.56,189.42,24875,1611792000
ok,185.7,185.7,180.13,181.99,18074,1612051200
ok,180.13,199.63,178.27,198.7,37707,1612137600
ok,199.63,199.63,192.2,194.06,19279,1612224000
ok,203.34,203.34,185.7,190.34,18688,1612310400
ok,187.56,188.49,185.7,186.63,11722,1612396800
ok,190.34,192.2,185.7,192.2,23967,1612656000
ok,194.99,194.99,190.34,192.2,19117,1612742400
ok,191.27,192.2,188.49,190.34,9857,1612828800
ok,189.42,198.7,188.49,195.91,28664,1612915200
ok,195.91,198.7,193.13,193.13,29251,1613001600
ok,189.42,193.13,188.49,189.42,15621,1613260800
ok,193.13,194.99,189.42,194.99,11972,1613347200
ok,193.13,194.06,189.42,194.06,13412,1613433600
ok,194.06,194.06,189.42,193.13,11995,1613520000
ok,196.84,200.56,192.2,194.99,42566,1613606400
ok,198.7,205.2,194.99,197.77,19979,1613865600
ok,198.7,199.63,194.99,195.91,30197,1613952000
ok,192.2,195.91,186.63,194.99,12536,1614038400
ok,204.27,204.27,192.2,194.99,5673,1614124800
ok,204.27,204.27,191.27,191.27,7292,1614211200
ok,191.27,194.06,182.92,185.7,16867,1614470400
ok,189.42,196.84,186.63,187.56,7955,1614556800
ok,191.27,193.13,181.99,186.63,14222,1614643200
ok,185.7,190.34,181.99,186.63,17152,1614729600
ok,182.92,189.42,182.92,187.56,11237,1614816000
ok,188.49,190.34,186.63,189.42,2483,1615161600
ok,186.63,188.49,181.06,186.63,5779,1615248000
ok,188.49,188.49,181.99,185.7,4111,1615334400
ok,189.42,189.42,178.27,181.06,5414,1615680000
ok,179.2,183.84,178.27,181.06,7513,1615766400
ok,178.27,186.63,169.92,181.99,11476,1615852800
ok,185.7,189.42,180.13,186.63,26148,1615939200
ok,189.42,194.99,185.7,190.34,32217,1616025600
ok,193.13,195.91,185.7,185.7,10578,1616284800
ok,194.99,194.99,184.77,184.77,10176,1616371200
ok,192.2,192.2,183.84,185.7,4093,1616457600
ok,194.99,194.99,183.84,188.49,18408,1616544000
ok,188.49,189.42,181.99,182.92,28654,1616630400
ok,185.7,189.42,181.99,186.63,8425,1616976000
ok,185.7,185.7,182.92,184.77,7006,1617062400
ok,185.7,186.63,182.92,183.84,11833,1617148800
ok,182.92,190.34,182.92,185.7,22742,1617235200
ok,186.63,192.2,185.7,190.34,43600,1617494400
ok,189.42,197.77,189.42,192.2,50048,1617580800
ok,193.13,200.56,190.34,195.91,57286,1617667200
ok,195.91,198.7,193.13,197.77,40983,1617753600
ok,199.63,217.27,195.91,213.56,106116,1617840000
ok,206.13,212.63,203.34,207.99,57253,1618185600
ok,207.06,211.7,204.27,208.91,41739,1618272000
ok,207.99,222.84,207.99,220.98,116149,1618444800
ok,220.98,228.41,212.63,216.34,39863,1618704000
ok,212.63,217.27,210.77,214.48,36494,1618790400
ok,211.7,216.34,210.77,211.7,22922,1618876800
ok,214.48,217.27,208.91,209.84,28144,1618963200
ok,209.84,215.41,207.99,212.63,45023,1619049600
ok,222.84,222.84,205.2,208.91,36911,1619308800
ok,205.2,208.91,198.7,204.27,42436,1619395200
ok,204.27,211.7,202.41,208.91,12066,1619481600
ok,208.91,208.91,200.56,204.27,10799,1619568000
ok,204.27,208.91,202.41,207.06,13735,1619654400
ok,207.06,209.84,204.27,209.84,13140,1619913600
ok,206.13,211.7,205.2,207.06,9283,1620000000
ok,208.91,208.91,203.34,206.13,9144,1620086400
ok,208.91,209.84,205.2,206.13,12065,1620172800
ok,203.34,208.91,203.34,207.06,14525,1620259200
ok,203.34,207.99,203.34,204.27,3986,1620518400
ok,204.27,207.06,203.34,205.2,3132,1620604800
ok,208.91,212.63,207.06,207.99,17414,1620691200
ok,210.77,218.2,207.99,213.56,27234,1620777600
ok,215.41,233.98,214.48,233.05,118273,1620864000
ok,233.05,246.98,226.56,241.41,133802,1621123200
ok,244.2,250.7,234.91,250.7,99702,1621209600
ok,248.84,270.19,246.05,264.62,118700,1621296000
ok,269.27,273.91,247.91,251.62,62580,1621382400
ok,246.98,276.69,246.05,266.48,158882,1621468800
ok,269.27,292.48,256.27,292.48,261893,1621728000
ok,306.41,306.41,275.77,280.41,111996,1621814400
ok,280.41,283.19,273.91,277.62,39806,1621900800
ok,273.91,296.19,268.34,283.19,101571,1622073600
ok,287.84,310.12,281.34,299.91,149845,1622332800
ok,306.41,329.62,302.69,329.62,382536,1622419200
ok,345.4,345.4,316.62,319.41,86471,1622505600
ok,319.41,350.97,319.41,347.26,122635,1622592000
ok,363.97,376.04,339.83,343.55,189163,1622678400
ok,352.83,365.83,327.76,343.55,187654,1622937600
ok,360.26,377.9,347.26,377.9,352011,1623024000
ok,396.47,415.04,382.54,415.04,165800,1623110400
ok,417.83,435.47,388.12,402.04,149631,1623196800
ok,408.54,437.33,379.76,414.11,208455,1623283200
ok,414.11,454.97,406.69,454.97,302118,1623542400
ok,477.25,500.46,450.32,454.97,195802,1623628800
ok,454.97,462.4,417.83,428.04,163727,1623715200
ok,419.68,441.04,385.33,398.33,104388,1623801600
ok,398.33,423.4,371.4,406.69,102240,1623888000
ok,426.18,426.18,376.04,380.69,46062,1624147200
ok,399.26,399.26,349.12,351.9,87570,1624233600
ok,368.62,386.26,336.12,386.26,116470,1624320000
ok,404.83,404.83,368.62,375.12,79212,1624406400
ok,375.12,379.76,365.83,369.55,54518,1624492800
ok,369.55,376.04,361.19,363.97,26394,1624752000
ok,363.97,369.55,342.62,350.05,34844,1624838400
ok,366.76,366.76,322.19,325.91,65174,1624924800
ok,341.69,358.4,308.26,358.4,65712,1625011200
ok,371.4,387.19,357.47,380.69,93358,1625097600
ok,389.97,389.97,363.97,366.76,55744,1625356800
ok,361.19,366.76,349.12,352.83,35161,1625443200
ok,352.83,364.9,346.33,354.69,21238,1625529600
ok,354.69,357.47,343.55,343.55,29038,1625616000
ok,350.05,368.62,338.9,359.33,35312,1625702400
ok,363.97,394.61,363.97,394.61,105173,1625961600
ok,414.11,426.18,381.62,399.26,167532,1626048000
ok,399.26,439.18,389.97,427.11,143293,1626134400
ok,431.75,452.18,415.97,444.75,133739,1626220800
ok,450.32,454.97,437.33,450.32,115101,1626307200
ok,459.33,459.33,441.04,447.54,111902,1626566400
ok,454.04,456.82,441.97,446.61,100384,1626652800
ok,454.97,459.61,437.05,448.47,59071,1626739200
ok,450.32,450.32,436.86,440.11,49122,1626912000
ok,448.47,450.32,439.18,439.18,68688,1627171200
ok,447.54,447.54,431.75,441.04,77917,1627257600
ok,432.22,470.75,432.22,464.25,187154,1627344000
ok,473.54,495.82,468.9,494.89,191595,1627430400
ok,504.18,505.11,477.25,477.25,128485,1627516800
ok,486.54,486.54,464.25,470.94,117797,1627776000
ok,480.04,488.3,471.68,474.47,100114,1627862400
ok,483.94,491.18,468.9,473.54,58486,1627948800
ok,476.32,515.32,474.19,504.18,271752,1628035200
ok,513.46,517.18,494.15,494.15,146803,1628121600
ok,501.39,523.77,495.82,510.68,195875,1628380800
ok,520.89,543.18,510.68,543.18,174406,1628467200
ok,553.39,597.49,552.46,597.49,202564,1628553600
ok,609.38,657.2,609.38,637.88,347504,1628640000
ok,649.95,663.88,607.89,639.74,243310,1628726400
ok,652.46,652.46,575.77,605.39,264449,1628985600
ok,617.46,622.1,586.44,603.53,151753,1629072000
ok,615.6,649.95,612.81,642.43,227480,1629158400
ok,655.25,706.59,655.25,676.88,312367,1629244800
ok,690.34,709.38,664.81,671.31,260505,1629331200
ok,668.52,738.16,663.88,721.45,472295,1629763200
ok,724.23,742.8,701.02,710.31,280417,1629849600
ok,710.31,753.02,710.31,735.38,281293,1629936000
ok,750.05,756.64,705.66,717.73,291844,1630195200
ok,732.03,732.03,674.09,677.81,198706,1630368000
ok,677.81,716.81,664.25,670.38,137706,1630454400
ok,671.31,687.0,620.24,635.1,167640,1630540800
ok,635.1,635.1,571.59,579.48,202544,1630800000
ok,569.17,637.42,548.75,637.42,184827,1630886400
ok,649.03,661.1,616.53,636.03,107437,1630972800
ok,623.31,640.67,603.53,610.03,79916,1631059200
ok,622.1,625.72,603.53,607.24,64680,1631145600
ok,619.31,636.03,612.81,629.53,59477,1631404800
ok,641.6,661.84,636.12,640.76,91651,1631491200
ok,640.76,651.81,625.07,630.45,81305,1631577600
ok,630.45,640.67,604.55,610.96,50875,1631664000
ok,598.98,598.98,561.75,580.41,108367,1631750400
ok,570.1,580.32,522.38,522.47,95514,1632096000
ok,521.82,548.75,477.72,515.32,127867,1632182400
ok,525.63,566.39,525.63,566.3,84269,1632268800
ok,577.53,596.1,561.75,566.39,82061,1632355200
ok,567.32,568.25,524.61,530.18,72342,1632614400
ok,531.1,531.1,479.11,494.89,60113,1632700800
ok,495.82,501.39,448.47,457.75,71395,1632787200
ok,457.75,493.96,442.9,492.11,47593,1632873600
ok,501.39,509.75,471.68,478.18,48508,1632960000
ok,468.9,473.63,442.9,454.87,33822,1633219200
ok,454.97,460.54,418.57,428.97,45086,1633305600
ok,437.33,454.97,431.75,451.25,25143,1633392000
ok,454.97,486.54,451.25,475.39,37493,1633478400
ok,480.97,499.07,474.65,477.25,49812,1633824000
ok,467.97,467.97,450.32,459.52,27151,1633910400
ok,468.62,475.39,456.82,463.32,5404,1634428800
ok,467.04,467.04,436.4,438.25,18021,1634515200
ok,431.75,436.4,401.11,413.18,33810,1634601600
ok,421.45,445.68,420.61,439.09,30866,1634688000
ok,442.9,442.9,417.83,421.54,17686,1634774400
ok,421.54,443.73,413.37,440.11,33517,1635033600
ok,448.47,484.12,447.54,484.12,63137,1635120000
ok,493.78,523.68,493.78,519.03,80751,1635206400
ok,521.82,534.82,492.11,514.39,75902,1635292800
ok,514.39,541.32,494.43,536.58,122600,1635379200
ok,546.89,566.39,529.25,561.75,61855,1635638400
ok,572.89,591.46,538.53,555.25,95749,1635724800
ok,556.17,562.67,538.53,547.82,59269,1635811200
ok,558.03,570.01,534.82,538.53,44357,1635897600
ok,549.3,557.1,543.18,547.82,33409,1636329600
ok,557.1,561.75,507.8,519.96,98008,1636416000
ok,519.96,532.96,491.09,501.39,75193,1636588800
ok,510.68,524.61,501.39,519.13,67910,1636848000
ok,528.4,547.82,528.4,536.68,55579,1636934400
ok,546.89,556.17,532.96,551.53,46286,1637020800
ok,561.75,571.96,552.46,553.39,76483,1637107200
ok,543.18,559.61,536.68,540.39,48980,1637193600
ok,529.62,557.1,529.62,548.75,35899,1637452800
ok,557.1,557.1,535.75,538.53,29063,1637539200
ok,531.1,538.53,510.68,519.03,50164,1637625600
ok,519.03,535.1,506.04,532.03,56828,1637712000
ok,542.62,542.62,520.89,526.46,27605,1637798400
ok,516.25,516.25,497.68,498.7,58508,1638057600
ok,488.77,519.96,488.77,500.46,34902,1638144000
ok,500.46,516.81,490.62,501.39,22373,1638230400
ok,511.42,519.96,500.46,506.96,17071,1638316800
ok,515.32,515.32,482.92,482.92,36722,1638403200
ok,482.82,492.11,457.75,468.9,47032,1638662400
ok,459.61,479.57,445.68,475.39,45115,1638748800
ok,484.68,493.96,447.54,450.42,38516,1638835200
ok,444.01,460.54,423.4,428.04,35710,1638921600
ok,428.04,437.33,421.54,423.4,25848,1639008000
ok,421.54,422.47,394.06,396.47,31091,1639267200
ok,388.58,402.51,359.33,368.71,43198,1639353600
ok,376.04,405.57,376.04,405.57,30921,1639440000
ok,413.65,441.04,391.92,413.18,60172,1639526400
ok,410.4,417.83,388.12,390.9,33645,1639612800
ok,388.12,389.97,370.75,378.83,26868,1639958400
ok,386.26,400.19,376.04,400.19,23741,1640044800
ok,407.61,425.26,402.04,416.9,39556,1640131200
ok,423.4,427.11,400.19,407.52,24571,1640217600
ok,403.9,417.73,396.47,404.09,21075,1640476800
ok,412.16,412.16,377.9,380.69,19232,1640563200
ok,380.69,402.51,370.47,392.76,47159,1640649600
ok,400.56,400.56,381.43,382.08,9310,1640736000
ok,385.0,402.0,385.0,399.0,25698,1641081600
ok,406.0,420.0,396.0,412.0,32214,1641168000
ok,420.2,440.0,411.9,440.0,31724,1641254400
ok,448.8,450.8,415.0,429.0,64584,1641340800
ok,425.0,435.5,423.0,435.0,17255,1641427200
ok,443.7,470.0,440.0,465.5,63384,1641686400
ok,467.0,485.0,460.0,482.0,68676,1641772800
ok,480.0,526.0,475.0,521.0,70311,1641859200
ok,530.0,531.4,495.2,500.0,89370,1641945600
ok,499.0,530.0,491.1,526.0,75690,1642032000
ok,526.0,556.0,524.1,531.0,70368,1642291200
ok,534.8,538.0,515.0,532.0,52805,1642377600
ok,532.0,536.0,509.1,515.0,46844,1642464000
ok,520.0,523.0,500.1,505.5,27440,1642550400
ok,501.0,520.0,500.0,519.0,27780,1642636800
ok,529.0,529.3,505.0,509.0,27781,1642896000
ok,498.9,507.0,477.0,486.0,71469,1642982400
ok,495.0,504.9,470.5,491.0,39633,1643068800
ok,495.0,495.0,462.0,470.0,46622,1643155200
ok,479.4,488.9,466.6,470.0,22761,1643241600
ok,478.0,507.9,478.0,506.0,54458,1643500800
ok,516.1,516.1,492.0,499.0,32969,1643587200
ok,500.0,511.0,489.1,507.0,28579,1643673600
ok,517.0,525.0,497.0,500.0,40108,1643846400
ok,490.0,499.8,475.0,486.0,24597,1644105600
ok,480.0,498.0,480.0,486.0,22448,1644192000
ok,495.7,515.0,486.0,495.0,46347,1644278400
ok,494.0,494.9,482.0,485.0,16927,1644364800
ok,490.0,494.0,476.0,482.0,23130,1644451200
ok,482.0,482.0,457.0,460.0,23993,1644710400
ok,460.0,470.0,451.0,460.9,13991,1644796800
ok,467.0,486.0,456.0,465.0,16348,1644883200
ok,474.3,482.6,458.0,464.0,22130,1644969600
ok,456.0,472.9,454.9,465.0,31999,1645056000
ok,460.0,464.9,449.0,455.0,25710,1645315200
ok,451.1,464.9,451.1,460.5,20590,1645401600
ok,469.7,479.0,464.0,469.0,29238,1645488000
ok,478.2,478.2,460.1,465.0,12873,1645574400
ok,455.7,461.0,445.0,445.0,31884,1645660800
ok,453.0,459.8,444.0,446.1,24448,1645920000
ok,455.0,459.0,436.6,437.0,20377,1646006400
ok,435.0,435.0,413.0,417.0,17342,1646179200
ok,425.0,428.4,416.1,418.0,17920,1646524800
ok,425.0,425.0,410.0,410.0,11574,1646611200
ok,418.2,418.2,399.9,399.9,14583,1646784000
ok,399.9,433.5,399.0,433.5,14943,1646870400
ok,442.1,456.0,435.0,453.9,26320,1647129600
ok,455.1,459.0,441.0,449.0,5997,1647216000
ok,448.5,450.0,436.1,446.0,10329,1647302400
ok,445.0,446.0,430.0,440.0,15162,1647388800
ok,448.8,450.0,435.3,444.0,12886,1647734400
ok,452.8,458.0,437.2,455.0,16261,1647820800
ok,455.0,462.9,446.0,446.0,10449,1647907200
ok,437.1,454.0,431.3,432.0,9981,1647993600
ok,432.0,438.0,421.0,424.9,11320,1648080000
ok,425.0,426.0,410.0,419.0,17576,1648339200
ok,419.0,420.0,405.5,406.0,9432,1648425600
ok,414.1,414.1,398.0,398.0,14932,1648512000
ok,405.0,416.0,392.0,415.0,26454,1648598400
ok,414.5,422.0,400.4,403.0,11228,1648684800
ok,395.1,401.0,390.1,398.0,12039,1648944000
ok,393.5,408.0,393.5,396.0,17655,1649030400
ok,395.0,397.8,381.0,387.0,28100,1649116800
ok,381.1,410.0,376.0,387.0,17837,1649203200
ok,394.7,402.0,390.0,394.8,16253,1649289600
ok,402.6,410.0,376.0,385.0,18069,1649635200
ok,380.0,380.0,373.0,379.9,12056,1649721600
ok,379.0,389.0,371.5,385.8,11513,1649808000
ok,393.5,401.0,373.0,373.0,7760,1650153600
ok,373.0,380.4,355.0,375.0,10926,1650240000
ok,379.9,386.9,361.0,383.0,12436,1650326400
ok,378.0,378.1,360.0,362.0,8320,1650412800
ok,357.0,363.0,336.3,350.0,23991,1650499200
ok,357.0,381.1,350.0,375.0,16514,1650758400
ok,377.0,384.6,354.0,355.0,15651,1650844800
ok,353.0,371.0,353.0,356.0,10980,1650931200
ok,363.0,363.0,350.0,357.0,7559,1651017600
ok,364.1,364.1,340.0,344.0,12502,1651104000
ok,340.0,340.0,327.5,329.0,9271,1651449600
ok,322.5,335.0,316.1,316.8,17036,1651622400
ok,311.0,317.9,300.0,304.0,14815,1651708800
ok,300.0,315.0,294.0,315.0,12832,1651968000
ok,316.0,330.0,308.7,312.0,12795,1652054400
ok,314.0,337.0,314.0,335.0,11031,1652140800
ok,338.0,351.4,332.2,344.0,15057,1652227200
ok,350.0,364.0,330.0,335.0,17187,1652313600
ok,329.0,330.0,309.0,309.0,16469,1652745600
ok,309.0,321.3,300.0,311.2,12395,1652832000
ok,310.0,317.0,300.0,302.1,8230,1652918400
ok,297.0,310.0,297.0,305.0,6653,1653004800
ok,298.9,305.0,295.0,297.1,8734,1653264000
ok,303.0,315.0,297.0,301.1,5819,1653350400
ok,307.0,313.0,303.0,306.0,9104,1653436800
ok,312.1,312.1,302.0,303.0,19570,1653523200
ok,309.0,315.0,297.0,300.9,9172,1653609600
ok,299.0,308.0,290.0,291.0,9453,1653868800
ok,296.8,299.0,286.0,289.0,15592,1653955200
ok,290.0,299.7,285.0,290.0,5524,1654041600
ok,295.8,301.0,285.1,289.5,8091,1654128000
ok,287.0,295.1,285.1,288.1,9998,1654214400
ok,293.0,295.0,282.5,289.1,6680,1654473600
ok,294.8,294.8,270.5,279.0,18583,1654560000
ok,284.5,306.9,275.0,298.0,23535,1654646400
ok,303.9,309.0,284.0,288.0,16902,1654732800
ok,292.0,292.0,281.0,285.0,4899,1654819200
ok,290.0,295.0,277.0,280.0,7335,1655078400
ok,276.0,285.5,271.0,274.0,6444,1655164800
ok,278.9,278.9,261.8,268.0,12887,1655251200
ok,265.0,283.0,260.1,273.0,10110,1655337600
ok,278.0,282.7,270.0,270.0,2686,1655424000
ok,275.4,280.0,259.0,264.5,6439,1655596800
ok,269.0,269.0,245.0,249.0,22227,1655683200
ok,253.9,268.0,249.0,265.0,12824,1655769600
ok,270.0,270.0,252.8,253.0,8591,1655856000
ok,258.0,258.0,237.0,245.0,12262,1655942400
ok,248.9,268.0,239.2,252.0,9635,1656028800
ok,257.0,272.6,257.0,266.0,22857,1656201600
ok,271.3,280.0,259.0,262.0,19376,1656288000
ok,262.0,265.0,252.0,253.2,7013,1656374400
ok,258.0,269.0,250.4,268.0,14610,1656460800
ok,273.0,294.8,273.0,293.0,31738,1656547200
ok,298.8,306.0,285.0,286.0,17083,1656633600
ok,281.1,306.0,279.9,306.0,23046,1656806400
ok,310.0,328.0,290.0,300.0,50060,1656892800
ok,294.0,316.0,290.0,290.1,36054,1656979200
ok,295.0,306.0,278.4,301.1,28068,1657065600
ok,307.1,318.0,295.0,295.5,21151,1657152000
ok,289.6,295.0,285.0,285.1,7883,1657238400
ok,279.5,280.0,266.6,266.6,22722,1657497600
ok,261.3,280.0,261.3,279.0,15561,1657584000
ok,284.0,306.0,273.5,299.4,18638,1657670400
ok,302.0,308.0,295.1,303.0,29229,1657756800
ok,297.0,309.0,292.0,302.0,8151,1657843200
ok,300.0,306.1,290.0,295.3,11099,1658016000
ok,290.0,304.7,290.0,303.0,11643,1658102400
ok,297.0,319.9,297.0,311.0,29645,1658188800
ok,306.1,326.0,306.0,316.0,26736,1658275200
ok,316.0,337.9,311.6,326.0,60080,1658361600
ok,332.0,345.0,319.0,335.0,57420,1658448000
ok,328.3,368.5,328.3,368.5,80921,1658620800
ok,375.0,401.8,375.0,392.0,72459,1658707200
ok,399.0,399.0,373.0,379.0,88096,1658793600
ok,372.0,390.0,363.0,385.0,59137,1658880000
ok,380.0,402.0,377.3,385.0,91702,1658966400
ok,392.0,392.0,382.0,389.6,18151,1659052800
ok,395.0,399.8,384.0,387.9,54666,1659225600
ok,395.0,396.0,377.0,392.0,78953,1659312000
ok,399.0,401.0,387.1,397.0,41293,1659398400
ok,404.0,408.0,397.0,398.0,50128,1659484800
ok,405.0,405.0,380.1,381.0,49725,1659571200
ok,385.0,385.0,365.0,371.0,25999,1659657600
ok,375.0,385.0,364.0,376.0,22303,1659830400
ok,383.0,383.4,360.0,366.0,33866,1659916800
ok,371.0,373.3,345.0,346.0,32740,1660003200
ok,350.0,352.0,338.0,340.0,25410,1660089600
ok,335.5,348.0,329.0,334.9,12132,1660176000
ok,329.0,339.0,316.6,320.0,16112,1660435200
ok,313.6,350.5,313.6,350.5,36832,1660521600
ok,357.5,372.9,345.0,347.0,68893,1660608000
ok,347.0,361.0,340.1,349.1,21412,1660694400
ok,343.0,369.0,343.0,368.0,25212,1660780800
ok,363.1,379.4,356.2,360.0,21702,1661040000
ok,355.0,362.0,351.0,355.0,17637,1661126400
ok,348.0,359.5,348.0,353.1,8160,1661212800
ok,348.1,368.0,348.1,356.0,9836,1661299200
ok,361.9,362.0,342.0,347.0,13025,1661385600
ok,345.0,350.8,336.0,345.0,16359,1661472000
ok,338.2,344.9,328.0,330.0,35743,1661644800
ok,326.0,344.0,325.2,334.0,29307,1661731200
ok,332.0,340.9,332.0,334.0,17946,1661817600
ok,330.0,333.6,325.0,325.0,10235,1661904000
ok,328.0,338.0,323.0,331.0,15147,1661990400
ok,325.0,338.1,325.0,331.0,13244,1662076800
ok,334.0,339.2,331.3,332.0,9852,1662249600
ok,338.6,345.0,330.0,333.0,7882,1662336000
ok,338.0,338.0,321.0,325.9,11085,1662422400
ok,332.0,332.0,319.0,319.0,9910,1662508800
ok,325.3,330.0,319.0,324.9,20485,1662595200
ok,331.2,331.2,320.0,323.9,4463,1662854400
ok,329.0,329.0,317.0,321.9,11317,1662940800
ok,325.7,330.0,323.0,324.0,12874,1663027200
ok,330.0,345.0,329.0,345.0,24884,1663113600
ok,347.9,349.0,322.0,326.0,32098,1663200000
ok,321.0,325.0,314.6,320.1,12680,1663286400
ok,326.0,326.0,309.5,309.5,15000,1663459200
ok,305.5,307.0,295.1,298.8,19947,1663632000
ok,304.7,310.0,301.5,306.8,11703,1663718400
ok,306.0,312.0,295.0,295.0,8662,1663804800
ok,300.0,300.0,290.0,290.0,11050,1664064000
ok,295.5,303.0,293.0,295.0,5319,1664236800
ok,300.0,300.0,285.0,293.5,6770,1664323200
ok,298.0,298.0,289.5,296.0,7948,1664409600
ok,300.0,307.7,300.0,305.0,8366,1665273600
ok,306.1,309.0,293.0,298.9,11771,1665360000
ok,300.0,300.0,290.0,299.8,8484,1665446400
ok,296.0,316.0,294.0,309.9,13096,1665532800
ok,304.5,317.9,304.5,315.2,17534,1665619200
ok,310.3,317.0,305.1,308.0,10666,1665878400
ok,304.2,312.0,299.1,305.0,12087,1665964800
ok,302.0,302.0,292.0,298.0,11044,1666137600
ok,292.2,301.5,290.8,296.5,7438,1666224000
ok,300.0,300.0,293.0,296.0,5118,1666483200
ok,295.0,311.0,295.0,310.0,16068,1667174400
ok,310.0,328.0,310.0,327.7,23995,1667260800
ok,327.8,335.0,321.2,327.6,22599,1667347200
ok,322.0,338.0,321.5,326.9,18441,1667433600
ok,325.0,339.0,320.0,335.5,28311,1667692800
ok,340.0,341.9,324.5,325.1,34778,1667779200
ok,327.0,335.0,319.0,328.0,12006,1667865600
ok,334.5,334.5,305.1,315.0,30853,1667952000
ok,320.0,320.0,301.9,306.9,28913,1668038400
ok,300.8,308.9,300.0,306.1,7317,1668297600
ok,306.0,318.4,304.0,309.0,8163,1668384000
ok,315.0,316.0,302.0,305.0,12095,1668470400
ok,311.0,316.0,300.0,312.0,12563,1668556800
ok,317.9,322.0,315.0,320.0,16166,1668643200
ok,326.0,332.0,310.1,318.0,11426,1669075200
ok,312.1,317.9,312.0,315.5,5954,1669161600
ok,312.0,317.0,312.0,313.1,4398,1669248000
ok,309.0,322.5,309.0,322.5,11664,1669507200
ok,325.0,325.0,311.7,314.0,16056,1669593600
ok,318.0,321.0,311.8,316.1,8484,1669680000
ok,310.0,322.4,310.0,314.0,4060,1669766400
ok,315.0,318.0,311.0,318.0,5400,1669852800
ok,318.0,318.0,310.0,316.5,9756,1670112000
ok,312.0,316.0,304.5,306.0,10008,1670198400
ok,305.0,310.0,304.0,305.0,5725,1670284800
ok,302.0,310.0,300.0,300.0,8257,1670371200
ok,298.0,305.0,296.1,305.0,7826,1670716800
ok,305.0,308.5,301.0,306.0,2852,1670803200
ok,301.5,306.0,297.0,300.0,7106,1670889600
ok,304.0,310.0,300.0,305.8,3115,1670976000
ok,300.5,301.0,299.0,299.0,8671,1671062400
ok,295.0,295.0,288.5,289.0,10300,1671321600
ok,293.5,299.8,290.0,290.0,3187,1671408000
ok,295.0,301.0,292.0,295.0,3527,1671494400
ok,292.0,295.0,292.0,293.0,510,1671580800
ok,298.8,322.3,298.8,322.3,52007,1672185600
ok,325.0,339.5,320.0,337.0,31658,1672272000
ok,338.0,347.8,326.0,332.5,28452,1672531200
ok,326.0,343.0,325.9,335.0,31097,1672617600
ok,331.0,336.9,324.0,325.0,29767,1672704000
ok,331.5,357.5,326.9,357.0,42190,1672790400
ok,359.0,373.9,342.0,370.0,67033,1672876800
ok,374.0,377.0,355.5,370.0,64192,1673136000
ok,365.0,381.0,365.0,375.9,49814,1673222400
ok,383.4,390.0,355.6,361.0,68339,1673308800
ok,368.2,375.6,344.2,346.0,39521,1673481600
ok,340.0,367.0,340.0,365.0,24839,1673913600
ok,370.0,377.4,355.0,358.0,42601,1674000000
ok,351.0,361.0,351.0,360.0,16054,1674086400
ok,360.0,367.0,353.0,354.0,17121,1674432000
ok,351.0,371.8,345.3,369.0,36612,1674518400
ok,361.7,369.0,354.8,358.1,42538,1674604800
ok,352.0,359.0,348.0,350.0,23210,1674691200
ok,345.0,350.2,338.1,341.0,20107,1674950400
ok,341.0,341.7,325.0,329.0,24324,1675036800
ok,325.1,335.0,325.0,328.9,19952,1675123200
ok,335.0,336.9,325.0,335.0,8975,1675209600
ok,341.7,347.9,323.7,326.9,13414,1675296000
ok,326.9,339.4,321.0,328.0,10322,1675555200
ok,334.5,335.9,326.2,332.5,5754,1675641600
ok,339.1,359.0,336.0,359.0,37082,1675728000
ok,366.1,366.1,347.0,349.0,29696,1675814400
ok,355.9,363.0,343.0,353.0,18292,1675900800
ok,346.0,350.0,332.0,336.0,20310,1676160000
ok,336.0,342.7,331.8,335.0,6797,1676332800
ok,340.0,340.0,327.0,330.0,11322,1676419200
ok,336.0,336.0,321.5,326.0,11872,1676505600
ok,330.0,330.0,322.0,323.0,4402,1676851200
ok,323.0,335.5,323.0,334.0,3972,1677024000
ok,340.0,340.0,319.0,321.0,11791,1677110400
ok,325.0,335.0,310.0,329.9,11508,1677369600
ok,329.9,336.3,311.1,323.0,11506,1677456000
ok,329.4,335.0,318.7,323.0,5110,1677542400
ok,329.4,329.4,318.2,318.4,5366,1677628800
ok,315.0,321.0,311.0,315.0,7605,1677715200
ok,310.0,315.0,305.0,311.0,6315,1677974400
ok,306.0,322.0,306.0,314.1,4995,1678147200
ok,320.3,330.0,317.5,326.0,15702,1678320000
ok,327.0,332.4,317.0,317.1,7964,1678579200
ok,322.8,322.8,310.3,314.0,7575,1678665600
ok,320.2,320.2,315.0,318.0,3399,1678752000
ok,313.0,317.0,312.0,313.2,3563,1678838400
ok,319.3,319.3,311.4,313.0,3363,1678924800
ok,319.0,320.0,311.2,314.5,5095,1679184000
ok,319.0,322.0,315.0,321.0,1571,1679270400
ok,321.0,323.0,311.0,315.0,9130,1679443200
ok,309.0,317.0,308.0,313.9,6621,1679529600
ok,319.4,319.4,305.0,309.0,4317,1679788800
ok,315.0,321.0,302.1,315.0,6492,1679875200
ok,312.0,321.3,312.0,312.0,7617,1679961600
ok,312.0,314.0,307.9,313.0,2457,1680048000
ok,310.0,319.0,309.0,310.0,5706,1680134400
ok,310.0,316.2,302.0,302.2,8298,1680393600
ok,302.2,307.0,297.0,300.0,4760,1680480000
ok,300.0,307.0,299.0,300.0,4459,1680566400
ok,300.1,306.0,296.0,304.0,2092,1680652800
ok,309.5,309.5,298.0,300.0,5897,1680739200
ok,294.0,298.0,290.1,294.5,5706,1680998400
ok,300.0,304.9,287.0,295.3,6836,1681084800
ok,295.0,304.9,295.0,300.0,7440,1681171200
ok,305.0,326.0,305.0,325.0,17738,1681257600
ok,322.1,330.8,318.0,319.0,11597,1681344000
ok,324.0,325.0,315.0,317.0,6314,1681603200
ok,311.0,317.2,305.0,309.0,5206,1681689600
ok,304.0,310.0,301.0,304.0,5413,1681776000
ok,306.0,311.0,305.0,310.9,2641,1681862400
ok,311.0,311.9,302.0,305.0,2643,1681948800
ok,302.0,307.0,297.1,297.1,2966,1682208000
ok,302.0,305.0,297.1,299.0,4254,1682294400
ok,304.8,307.0,295.1,307.0,4263,1682380800
ok,309.9,310.0,298.0,300.0,2303,1682467200
ok,297.0,303.0,297.0,300.0,2060,1682553600
ok,295.0,298.0,295.0,297.0,3890,1682812800
ok,302.9,315.0,292.1,295.0,4851,1682985600
ok,299.9,300.0,291.0,293.0,3330,1683072000
ok,298.8,298.8,290.0,295.0,1560,1683158400
ok,291.0,293.0,290.0,290.4,2233,1683417600
ok,288.8,294.0,285.0,285.0,4001,1683504000
ok,285.0,299.9,285.0,288.1,2418,1683590400
ok,289.0,292.9,288.8,288.8,2064,1683676800
ok,288.1,290.0,285.1,289.7,2146,1683763200
ok,288.9,289.0,285.0,286.0,1400,1684022400
ok,281.0,287.0,276.5,281.5,5054,1684108800
ok,281.0,286.6,280.0,281.1,913,1684195200
ok,275.5,294.0,275.5,293.0,2958,1684281600
ok,298.0,308.0,293.1,300.0,10801,1684368000
ok,306.0,309.8,296.1,296.1,6069,1684627200
ok,302.0,305.0,292.1,300.0,6550,1684713600
ok,305.8,313.0,305.8,310.0,9791,1684800000
ok,316.0,316.0,309.0,312.0,3679,1684886400
ok,312.0,315.0,301.0,308.0,16383,1685232000
ok,303.8,306.0,294.1,295.0,10465,1685404800
ok,293.0,303.0,285.0,287.0,15075,1685491200
ok,287.0,293.9,282.0,288.0,7828,1685577600
ok,293.7,305.0,293.7,298.1,4488,1685836800
ok,303.2,306.0,290.1,290.1,7895,1685923200
ok,295.9,301.0,290.0,299.0,15624,1686009600
ok,304.0,305.0,297.0,300.0,12539,1686096000
ok,304.9,309.0,300.0,306.0,14042,1686182400
ok,310.7,327.0,310.7,324.0,37817,1686441600
ok,326.9,327.0,315.0,318.0,22426,1686528000
ok,313.0,331.9,311.1,325.0,21245,1686614400
ok,331.0,337.5,318.5,323.0,30883,1686700800
ok,321.0,327.0,319.0,320.0,17249,1686787200
ok,325.0,333.0,322.2,324.0,24674,1687046400
ok,329.9,356.4,329.9,356.4,97910,1687132800
ok,351.0,361.9,335.0,340.0,37187,1687219200
ok,340.0,346.0,329.0,336.0,20696,1687305600
ok,340.0,346.0,335.0,338.0,24368,1687392000
ok,344.5,356.7,344.0,354.9,32263,1687651200
ok,357.6,374.9,351.0,372.4,76912,1687737600
ok,374.0,402.1,367.0,401.0,117531,1687824000
ok,408.0,408.0,384.0,385.0,63867,1687910400
ok,378.0,390.0,368.0,369.9,80536,1688256000
ok,363.2,380.4,363.0,365.2,41846,1688342400
ok,372.5,379.0,366.0,379.0,21214,1688428800
ok,379.0,390.0,371.0,371.1,31803,1688515200
ok,365.2,377.0,365.0,365.1,15686,1688601600
ok,372.4,387.3,372.1,377.0,26560,1688860800
ok,383.0,397.5,381.0,395.0,81048,1688947200
ok,396.0,423.0,389.1,415.0,83599,1689033600
ok,409.0,416.0,400.0,403.0,46504,1689120000
ok,403.1,406.0,390.0,392.0,53721,1689206400
ok,392.0,397.9,390.0,393.0,11838,1689465600
ok,391.0,410.0,391.0,406.5,22573,1689552000
ok,412.9,412.9,399.9,400.0,36068,1689638400
ok,400.0,406.0,395.0,396.2,16221,1689724800
ok,403.2,403.2,391.0,394.0,17179,1689811200
ok,388.0,409.5,388.0,399.0,24341,1690070400
ok,401.0,405.0,387.0,390.0,16965,1690156800
ok,385.0,392.0,380.0,380.0,18010,1690243200
ok,375.2,388.0,375.2,380.0,18253,1690329600
ok,387.5,387.5,373.6,377.0,20725,1690416000
ok,383.0,383.0,368.1,368.5,15449,1690675200
ok,372.0,387.0,368.3,377.0,11849,1690761600
ok,384.0,384.0,359.0,363.5,9422,1690848000
ok,368.0,375.0,357.0,375.0,22209,1690934400
ok,382.5,382.5,369.6,375.0,7404,1691020800
ok,382.5,382.5,348.0,354.9,18103,1691280000
ok,361.9,361.9,345.1,350.0,15131,1691366400
ok,357.0,357.0,337.4,343.9,7387,1691452800
ok,337.5,356.0,337.0,355.0,12702,1691539200
ok,350.0,362.0,345.0,350.0,8129,1691625600
ok,355.0,357.0,343.1,348.0,12246,1691884800
ok,354.9,356.0,343.0,343.9,7682,1691971200
ok,340.0,347.8,335.0,335.0,8610,1692057600
ok,338.0,343.0,324.0,330.0,15584,1692144000
ok,330.0,342.0,330.0,334.0,8389,1692230400
ok,327.5,353.6,327.4,328.0,2679,1692489600
ok,334.5,338.9,323.0,328.0,9372,1692576000
ok,323.8,339.0,323.8,339.0,5964,1692662400
ok,344.5,344.5,337.7,344.0,9648,1692748800
ok,339.0,344.7,330.2,332.0,7185,1692835200
ok,330.0,336.6,326.0,329.9,4290,1693094400
ok,335.0,336.0,323.4,332.9,2824,1693180800
ok,338.5,339.0,328.0,328.0,5209,1693267200
ok,334.0,334.0,324.1,324.1,3351,1693353600
ok,323.0,324.0,317.7,318.3,7781,1693699200
ok,321.2,322.0,313.1,321.0,8693,1693785600
ok,320.0,321.4,315.0,315.0,4593,1693872000
ok,313.0,319.0,305.0,310.8,7170,1694044800
ok,311.0,316.2,307.0,313.0,7466,1694304000
ok,318.9,335.0,313.0,333.0,19666,1694390400
ok,326.4,332.0,321.0,327.0,6609,1694476800
ok,328.0,345.0,327.0,344.0,15517,1694563200
ok,340.0,340.0,325.0,327.0,17279,1694908800
ok,326.0,333.0,322.0,326.0,4250,1694995200
ok,332.0,338.0,325.5,338.0,2492,1695081600
ok,344.7,360.0,344.0,357.0,21051,1695254400
ok,355.0,359.0,345.0,347.0,11407,1695513600
ok,341.1,354.0,341.0,347.0,11612,1695600000
ok,348.0,361.7,348.0,358.0,7213,1695686400
ok,351.0,353.0,345.0,345.0,8429,1695772800
ok,338.2,340.0,331.7,333.0,7463,1696118400
ok,332.7,347.0,330.0,340.0,8992,1696204800
ok,340.0,343.0,330.0,331.0,6340,1696291200
ok,331.0,344.0,331.0,336.0,1142,1696377600
ok,342.5,342.5,330.4,334.0,5850,1696464000
ok,328.0,334.5,325.2,326.0,6208,1696723200
ok,324.0,332.0,320.0,322.0,7954,1696809600
ok,320.0,326.0,299.9,311.9,17922,1696896000
ok,316.9,327.0,313.0,313.1,8534,1696982400
ok,313.0,316.0,306.0,309.9,22484,1697068800
ok,305.0,310.0,304.0,308.0,12626,1697414400
ok,314.1,326.0,311.0,312.0,7297,1697500800
ok,317.9,326.0,317.0,321.0,3788,1697587200
ok,315.0,326.3,310.1,316.3,1774,1697673600
ok,310.0,310.0,303.0,308.0,12693,1698537600
ok,306.0,317.0,305.0,313.2,4667,1698624000
ok,312.0,313.0,309.2,310.9,1989,1698710400
ok,316.7,320.0,309.0,312.0,2516,1698796800
ok,306.2,312.0,306.2,307.0,4308,1698883200
ok,306.0,307.0,300.3,307.0,8009,1699142400
ok,308.0,312.0,303.0,306.0,8041,1699228800
ok,308.8,312.0,307.0,307.0,2060,1699315200
ok,308.6,309.0,307.1,308.0,1766,1699401600
ok,308.0,309.9,303.0,307.0,4558,1699488000
ok,313.1,313.1,304.0,309.0,12031,1700438400
ok,305.0,311.0,298.0,299.0,9628,1700524800
ok,304.0,306.0,301.6,306.0,2302,1700611200
ok,301.1,321.3,300.0,320.2,15574,1700697600
ok,324.0,328.0,315.5,325.0,12403,1700956800
ok,328.0,331.5,316.0,328.0,15153,1701043200
ok,334.0,334.0,321.5,325.0,5354,1701129600
ok,330.0,330.0,318.9,319.0,2374,1701216000
ok,320.0,322.9,309.0,309.0,4905,1701302400
ok,305.1,312.0,305.1,307.5,2269,1701561600
ok,306.0,319.6,306.0,316.9,2075,1701648000
ok,322.5,322.5,308.0,313.0,3455,1701734400
ok,309.0,315.0,309.0,313.0,1154,1701820800
ok,313.0,320.0,313.0,315.2,5182,1701907200
ok,321.5,340.6,321.5,340.6,460,1702166400
ok,347.4,347.4,328.4,339.0,25395,1702252800
ok,339.0,358.7,338.1,353.0,14385,1702339200
ok,360.0,365.0,343.0,343.0,31473,1702425600
ok,349.8,355.0,344.5,352.0,9652,1702512000
ok,345.0,361.0,344.0,359.9,22256,1702771200
ok,360.0,374.2,358.8,366.0,36817,1702857600
ok,370.0,373.0,355.0,364.0,14322,1702944000
ok,370.0,376.9,362.0,367.0,23557,1703030400
ok,374.3,374.3,347.0,356.0,17751,1703116800
ok,363.1,363.1,337.0,343.0,15683,1703376000
ok,349.0,349.8,334.0,341.5,11665,1703635200
ok,340.0,354.0,338.5,340.0,19142,1703721600
ok,345.0,353.4,334.2,337.0,10477,1704067200
ok,339.0,339.3,330.0,335.0,10458,1704153600
ok,329.0,339.0,328.4,338.0,9249,1704240000
ok,340.0,350.8,335.0,345.7,24134,1704326400
ok,339.0,346.0,333.0,333.0,15724,1704585600
ok,339.6,352.0,332.0,347.1,18778,1704672000
ok,350.0,365.0,348.0,357.0,26531,1704758400
ok,364.1,370.0,353.0,357.9,31656,1704844800
ok,360.0,361.0,346.6,352.9,10587,1704931200
ok,359.0,373.0,352.0,359.0,11691,1705190400
ok,366.0,378.0,363.0,376.0,60200,1705363200
ok,371.0,393.0,357.1,360.0,63622,1705449600
ok,354.2,365.0,354.0,364.9,23636,1705536000
ok,367.0,370.0,352.8,352.9,22267,1705795200
ok,350.0,359.9,339.1,340.0,21355,1705881600
ok,346.8,346.8,335.1,339.0,11591,1705968000
ok,345.0,350.9,340.0,342.0,10678,1706054400
ok,336.5,348.0,336.5,342.0,9353,1706140800
ok,342.0,354.9,341.7,347.8,12570,1706400000
ok,351.0,351.0,342.3,345.0,6767,1706486400
ok,341.1,350.0,341.1,342.0,11967,1706572800
ok,348.0,350.0,335.2,337.0,11152,1706659200
ok,338.0,348.0,337.1,339.1,33226,1706745600
ok,341.0,341.0,334.3,339.0,14517,1707004800
ok,335.0,345.0,335.0,337.0,7358,1707091200
ok,343.7,344.0,335.0,335.6,9838,1707177600
ok,340.0,341.0,336.0,338.1,9195,1707264000
ok,344.8,344.8,338.0,342.0,11928,1707350400
ok,348.8,348.8,336.0,340.1,11403,1707609600
ok,336.6,350.8,336.5,346.0,8651,1707696000
ok,339.1,340.0,332.5,333.5,19883,1707782400
ok,328.0,365.0,328.0,360.5,91723,1707868800
ok,367.4,367.4,345.1,349.0,22826,1707955200
ok,345.0,345.0,335.7,336.0,20699,1708214400
ok,342.7,342.7,333.2,337.8,14955,1708387200
ok,344.0,344.0,333.0,337.0,8701,1708473600
ok,335.2,348.8,331.0,333.0,27801,1708560000
ok,339.0,345.5,328.0,340.0,17778,1708819200
ok,344.0,344.0,332.1,340.8,7091,1708905600
ok,335.0,341.0,333.0,337.0,8220,1708992000
ok,334.2,336.9,331.0,335.0,9729,1709078400
ok,330.0,336.5,324.1,324.2,13074,1709164800
ok,325.0,329.8,318.0,321.0,5090,1709424000
ok,327.4,347.0,327.4,347.0,2730,1709510400
ok,347.0,347.0,327.0,327.0,15901,1709596800
ok,333.0,339.2,325.1,334.0,14375,1709683200
ok,340.6,340.6,334.5,337.0,11957,1709769600
ok,337.7,345.0,337.7,343.0,16492,1710028800
ok,349.0,353.0,344.1,349.0,15680,1710201600
ok,355.9,363.0,348.0,356.0,25099,1710288000
ok,359.0,362.0,346.1,349.0,14155,1710374400
ok,355.9,355.9,343.3,344.1,24231,1710633600
ok,350.0,350.0,341.3,341.7,11221,1710720000
ok,348.5,370.0,348.5,360.0,86045,1710806400
ok,360.0,361.0,350.0,350.2,28411,1710892800
ok,350.1,370.0,350.1,359.0,64786,1710979200
ok,366.1,366.1,350.0,350.3,24844,1711324800
ok,357.0,364.0,348.0,350.1,13871,1711411200
ok,357.0,357.0,344.0,345.0,11510,1711497600
ok,344.0,351.0,339.0,347.0,11858,1711584000
ok,353.9,353.9,340.2,341.2,9045,1711843200
ok,345.9,345.9,339.0,342.0,8316,1711929600
ok,340.1,347.0,340.0,344.9,9601,1712016000
ok,344.9,344.9,338.0,338.2,8519,1712102400
ok,344.0,344.0,338.1,339.2,11492,1712188800
ok,345.0,370.0,345.0,363.0,65815,1712448000
ok,370.0,391.9,365.0,386.0,169122,1712620800
ok,393.0,396.2,364.1,377.0,142116,1712707200
ok,380.0,396.0,368.0,378.0,87878,1713052800
ok,371.0,390.0,370.6,370.6,42424,1713139200
ok,373.0,375.0,364.2,368.0,36266,1713225600
ok,364.0,372.1,361.0,361.1,21589,1713398400
ok,354.0,369.0,354.0,368.5,27588,1713657600
ok,362.2,375.0,362.0,363.5,18362,1713744000
ok,368.0,380.0,361.0,368.0,37510,1713916800
ok,365.5,389.2,365.5,374.0,58772,1714003200
ok,378.9,399.0,373.5,389.0,111952,1714262400
ok,396.0,415.0,382.2,408.5,126862,1714348800
ok,416.0,441.0,405.0,412.5,205312,1714435200
ok,417.0,417.0,397.1,399.0,84771,1714608000
ok,400.0,402.0,385.0,386.0,58143,1714867200
ok,381.0,393.0,376.0,389.0,43953,1714953600
ok,390.0,395.0,378.0,383.0,21009,1715040000
ok,389.8,398.4,385.0,395.0,26616,1715126400
ok,399.9,410.0,395.0,401.0,61324,1715212800
ok,400.0,405.9,392.0,394.1,22819,1715472000
ok,390.6,398.0,390.6,393.3,18126,1715558400
ok,395.0,397.0,386.0,396.0,32692,1715644800
ok,396.0,402.0,386.0,394.0,39425,1715731200
ok,400.0,400.0,384.0,387.0,40779,1715817600
ok,394.7,394.7,377.3,388.0,78584,1716076800
ok,388.0,392.7,382.6,387.0,18888,1716163200
ok,387.0,403.5,385.0,403.0,66294,1716249600
ok,398.0,405.0,392.0,395.9,41846,1716336000
ok,390.1,398.8,385.0,386.6,20038,1716681600
ok,394.3,394.3,383.4,387.0,17808,1716768000
ok,394.7,400.0,380.0,380.0,45150,1716940800
ok,380.0,395.0,380.0,392.0,26068,1717027200
ok,395.0,414.8,391.0,410.0,138341,1717286400
ok,418.0,425.0,405.0,409.0,97173,1717372800
ok,408.1,430.0,406.0,429.0,84514,1717459200
ok,425.6,440.0,421.2,425.5,70640,1717545600
ok,425.5,431.8,411.0,411.8,35949,1717632000
ok,412.1,420.0,410.5,412.1,52986,1717891200
ok,418.0,420.0,413.1,420.0,34196,1717977600
ok,427.9,432.0,415.0,426.0,51786,1718064000
ok,427.0,460.0,415.0,443.5,87922,1718150400
ok,442.0,474.0,442.0,445.0,146105,1718236800
ok,453.0,453.0,436.0,436.1,64291,1718496000
ok,430.2,437.0,423.0,423.0,35259,1718668800
ok,431.0,441.6,420.0,433.0,32999,1718755200
ok,439.9,455.0,434.0,438.0,49475,1718841600
ok,446.5,464.0,440.0,464.0,104469,1719100800
ok,473.0,480.0,451.0,476.0,111226,1719187200
ok,476.0,488.0,458.0,460.0,81144,1719273600
ok,451.0,470.0,451.0,461.0,57217,1719360000
ok,464.9,465.0,452.2,455.2,45627,1719446400
ok,461.0,467.0,450.0,452.0,41886,1719705600
ok,454.8,464.0,449.0,459.0,49967,1719792000
ok,468.1,504.0,462.0,479.0,108394,1719878400
ok,488.5,526.9,474.0,526.9,253521,1719964800
ok,537.4,555.0,515.0,528.0,154024,1720051200
ok,520.2,535.0,510.0,510.0,130082,1720310400
ok,520.2,527.5,510.5,516.0,89697,1720396800
ok,526.3,535.5,518.5,524.0,97167,1720483200
ok,525.0,533.9,522.0,527.0,69431,1720569600
ok,531.0,539.0,524.0,527.0,68354,1720656000
ok,537.5,558.0,526.0,533.0,72534,1720915200
ok,543.0,543.6,530.0,532.0,101690,1721001600
ok,537.0,553.0,533.6,549.0,88263,1721088000
ok,559.0,603.9,557.0,603.9,209104,1721174400
ok,615.0,615.9,590.0,590.2,132037,1721260800
ok,590.5,625.0,583.1,610.0,215409,1721520000
ok,622.2,622.2,592.0,603.0,105886,1721606400
ok,607.9,616.0,602.0,608.0,76854,1721692800
ok,610.0,623.0,598.0,600.0,139090,1721779200
ok,588.0,611.9,588.0,599.0,84786,1721865600
ok,610.0,610.0,585.1,599.0,102388,1722124800
ok,608.7,632.0,590.0,620.0,169058,1722211200
ok,623.0,671.0,622.0,659.0,151494,1722297600
ok,660.0,710.0,658.0,699.0,187688,1722384000
ok,712.9,712.9,675.0,675.0,221768,1722470400
ok,675.0,684.0,636.5,645.0,151474,1722816000
ok,632.1,642.0,580.5,580.5,260310,1722902400
ok,568.9,638.5,550.0,638.5,177810,1722988800
ok,651.0,665.0,614.0,626.0,95117,1723075200
ok,638.0,650.0,620.2,635.0,145025,1723334400
ok,647.5,695.0,636.0,665.0,136968,1723420800
ok,678.3,700.0,654.7,676.0,135998,1723507200
ok,685.0,743.6,680.0,743.6,299734,1723593600
ok,758.4,803.0,731.0,763.0,291156,1723680000
ok,747.8,800.0,732.9,759.0,290596,1723939200
ok,774.1,816.0,770.0,791.0,169209,1724198400
ok,805.9,820.0,790.0,800.0,155925,1724284800
ok,800.0,815.0,744.0,744.0,157223,1724544000
ok,740.0,765.0,700.0,700.1,114014,1724716800
ok,714.0,734.9,679.0,690.0,92023,1724803200
ok,703.8,717.8,665.0,668.0,78093,1724889600
ok,681.0,689.0,647.0,649.0,72932,1725148800
ok,661.9,710.0,635.0,706.0,91013,1725235200
ok,720.1,733.0,687.0,700.5,94825,1725321600
ok,700.1,706.9,655.0,655.0,67234,1725408000
ok,660.0,661.9,633.3,650.0,82736,1725494400
ok,650.0,666.9,629.0,632.0,48048,1725753600
ok,625.0,637.5,609.1,613.0,94289,1725840000
ok,625.0,635.1,610.0,618.0,58781,1725926400
ok,622.0,637.0,610.0,625.0,66148,1726012800
ok,632.0,650.0,625.0,644.0,53961,1726099200
ok,655.0,661.0,616.5,620.0,73114,1726358400
ok,620.0,620.0,583.6,586.0,70573,1726444800
ok,592.0,592.0,564.0,568.5,53109,1726617600
ok,579.8,596.0,562.0,568.0,29220,1726963200
ok,560.09,571.2,511.2,524.0,61985,1727049600
ok,521.0,539.0,498.0,499.1,75453,1727136000
ok,495.1,523.0,491.2,521.9,46802,1727222400
ok,521.9,530.0,506.2,506.2,35627,1727308800
ok,496.1,524.0,496.1,503.0,35680,1727568000
ok,510.0,530.0,510.0,527.0,39714,1727654400
ok,537.0,579.7,535.0,579.7,78356,1727740800
ok,579.7,612.0,579.7,593.0,91854,1727827200
ok,604.8,630.0,585.0,626.0,57446,1728172800
ok,635.0,647.0,608.0,617.9,65715,1728259200
ok,630.2,630.2,590.0,609.0,39564,1728345600
ok,601.1,615.0,596.9,613.0,28165,1728432000
ok,620.0,674.3,620.0,652.0,36118,1728950400
ok,664.9,669.0,640.0,645.0,46121,1729036800
ok,656.0,656.0,635.0,640.0,44519,1729123200
ok,627.2,644.0,614.7,618.0,80069,1729382400
ok,618.0,620.0,595.9,598.1,51889,1729468800
ok,595.0,621.9,595.0,619.9,47514,1729555200
ok,632.2,681.8,620.0,641.0,161181,1729641600
ok,653.8,681.0,648.0,650.0,128923,1729728000
ok,650.0,663.0,640.2,656.8,68932,1729987200
ok,667.5,699.0,666.3,692.0,120939,1730073600
ok,705.0,715.0,672.0,679.0,138095,1730160000
ok,692.0,692.0,665.0,670.0,68143,1730246400
ok,675.0,679.0,653.0,659.0,43533,1730764800
ok,669.9,699.0,658.2,689.0,82271,1730851200
ok,680.0,710.0,680.0,697.0,97338,1731196800
ok,708.0,714.0,677.2,688.0,110768,1731283200
ok,688.0,712.0,685.0,697.0,99960,1731369600
ok,705.0,729.0,705.0,723.0,145760,1731456000
ok,737.4,745.9,724.0,727.4,113931,1731542400
ok,729.0,739.0,702.0,711.0,106180,1731801600
ok,710.0,719.0,687.1,690.0,97438,1731974400
ok,690.9,703.8,679.0,690.0,65631,1732060800
ok,702.0,705.0,675.0,676.4,79284,1732147200
ok,680.1,701.0,676.2,680.0,67477,1732406400
ok,689.0,703.8,685.0,690.0,59376,1732492800
ok,685.0,712.0,685.0,702.9,56792,1732579200
ok,706.1,721.0,701.7,707.0,68392,1732665600
ok,716.0,716.0,697.3,698.0,78820,1732752000
ok,685.2,695.0,682.5,685.0,51753,1733011200
ok,694.0,695.0,675.0,675.0,73493,1733097600
ok,675.0,720.0,675.0,700.0,83214,1733184000
ok,700.0,720.0,685.0,690.0,52903,1733270400
ok,703.8,703.8,665.0,669.0,67078,1733356800
ok,666.0,670.0,640.0,645.0,86326,1733616000
ok,650.0,660.0,640.0,647.0,36922,1733702400
ok,655.0,657.0,641.0,646.0,19834,1733788800
ok,650.0,666.6,640.4,665.0,41783,1733875200
ok,665.0,675.0,640.0,641.0,36441,1733961600
ok,630.0,635.0,612.6,612.6,52319,1734307200
ok,613.8,627.1,605.0,618.0,23559,1734393600
ok,615.0,635.0,615.0,620.1,26342,1734480000
ok,626.0,632.4,600.0,606.0,35339,1734566400
ok,606.0,612.0,594.5,596.0,23489,1734825600
ok,605.0,613.0,596.0,613.0,22444,1734912000
ok,618.0,635.1,610.0,618.0,39480,1734998400
ok,606.2,621.0,600.8,605.0,26927,1735171200
ok,595.0,604.0,580.0,582.0,51877,1735430400
ok,575.0,575.0,524.3,540.0,74057,1735603200
ok,550.0,572.2,540.0,568.0,36276,1735689600
ok,560.0,575.0,556.7,570.4,29839,1735776000
ok,571.0,584.8,570.9,580.0,38425,1736035200
ok,585.0,588.0,578.1,587.0,26988,1736121600
ok,590.0,609.8,580.3,602.0,28741,1736208000
ok,614.0,650.0,609.9,638.1,51871,1736294400
ok,636.0,666.9,626.0,630.0,54079,1736380800
ok,642.6,642.6,601.1,606.0,25771,1736640000
ok,607.0,615.0,590.0,595.0,35065,1736726400
ok,585.0,609.0,580.0,589.0,35090,1736899200
ok,587.0,591.6,551.1,558.0,70483,1736985600
ok,558.0,580.0,545.0,568.1,35678,1737244800
ok,575.4,581.0,552.0,555.0,34165,1737331200
ok,545.0,566.0,538.0,540.1,48508,1737417600
ok,550.8,550.8,530.0,538.0,39512,1737504000
ok,527.3,548.0,513.0,519.0,60067,1737590400
ok,514.0,518.0,471.0,486.0,108570,1737849600
ok,477.0,510.0,457.7,498.0,65930,1737936000
ok,507.9,514.0,490.0,510.0,40879,1738022400
ok,510.0,532.0,500.0,530.0,67454,1738454400
ok,530.0,545.7,524.0,530.0,40093,1738540800
ok,537.9,550.0,522.4,522.4,50119,1738627200
ok,523.0,574.6,523.0,574.6,71629,1738713600
ok,586.0,632.0,586.0,612.0,207014,1738800000
ok,612.0,673.2,587.9,673.2,311157,1739059200
ok,686.6,701.0,650.0,655.1,171357,1739145600
ok,668.0,681.0,660.0,664.8,86585,1739232000
ok,663.0,686.0,660.0,673.0,138939,1739318400
ok,686.0,699.9,643.0,656.0,282233,1739404800
ok,645.0,672.7,635.0,657.0,155147,1739664000
ok,670.1,670.1,625.0,627.0,141176,1739750400
ok,629.0,642.0,615.0,615.0,92098,1739836800
ok,627.0,640.9,608.0,616.0,60135,1740009600
ok,603.7,646.6,593.0,633.0,140156,1740268800
ok,645.0,651.0,620.0,634.0,66136,1740355200
ok,646.6,668.0,640.0,654.0,178415,1740441600
ok,667.0,676.9,651.0,659.5,90871,1740614400
ok,672.0,672.0,656.1,663.1,92568,1740873600
ok,674.9,674.9,646.0,649.9,74158,1740960000
ok,647.0,653.0,631.0,634.0,45093,1741046400
ok,643.0,643.0,619.0,622.1,51985,1741132800
ok,631.5,631.5,615.1,619.8,30662,1741219200
ok,619.8,649.0,609.0,611.0,37747,1741478400
ok,615.0,627.0,607.0,607.1,27671,1741564800
ok,609.5,623.0,596.0,596.5,37074,1741651200
ok,596.5,613.6,596.5,598.0,28008,1741737600
ok,609.9,609.9,568.4,570.0,59232,1742083200
ok,558.6,592.2,558.6,578.0,24262,1742169600
ok,566.5,589.5,566.5,578.3,17788,1742256000
ok,567.0,582.8,554.0,554.0,30328,1742342400
ok,543.0,563.0,543.0,552.88,26010,1742428800
ok,550.0,557.0,535.0,535.78,31721,1742688000
ok,526.0,573.1,526.0,560.66,34578,1742774400
ok,562.0,562.0,535.4,538.08,26831,1742860800
ok,544.0,550.0,540.2,544.19,16663,1742947200
ok,541.0,559.5,541.0,552.11,20501,1743033600
ok,542.0,577.9,542.0,567.43,29739,1743292800
ok,567.4,590.0,551.0,557.82,26465,1743465600
ok,563.0,613.6,554.0,613.6,112995,1743552000
ok,625.8,651.0,610.0,613.21,105164,1743638400
ok,613.0,615.0,586.0,590.1,54936,1743984000
ok,588.0,623.0,578.3,600.2,33922,1744070400
ok,612.0,624.0,598.0,600.51,18928,1744156800
ok,604.0,611.9,595.9,609.16,30144,1744243200
ok,621.3,621.3,600.1,606.88,29484,1744502400
ok,619.0,623.0,595.0,610.31,74517,1744675200
ok,603.0,616.0,600.0,602.31,26764,1744761600
ok,605.0,615.0,600.0,602.17,62318,1744848000
ok,600.0,600.0,583.1,584.84,50322,1745107200
ok,592.0,592.0,571.0,572.97,36194,1745193600
ok,584.4,584.4,565.5,572.45,17974,1745280000
ok,576.0,578.0,568.0,572.02,15953,1745366400
ok,565.0,579.0,560.1,565.81,28925,1745452800
ok,573.0,574.0,551.0,551.76,29574,1745712000
ok,555.0,585.0,555.0,561.68,39043,1745798400
ok,550.5,584.1,550.5,556.75,19819,1745884800
ok,550.0,560.7,546.1,550.46,33961,1745971200
ok,558.0,561.0,540.0,540.24,20353,1746316800
ok,534.0,562.0,529.5,542.64,49339,1746403200
ok,545.0,553.4,530.1,532.19,23960,1746489600
ok,522.0,563.0,522.0,550.65,42506,1746576000
ok,556.0,579.3,548.8,563.18,40702,1746662400
ok,571.0,574.4,544.0,547.36,16414,1746921600
ok,547.5,555.0,535.0,536.09,28633,1747094400
ok,531.0,545.7,530.0,532.93,30589,1747180800
ok,533.1,543.0,522.5,525.27,22348,1747267200
ok,525.0,535.0,518.0,520.23,21590,1747526400
ok,530.6,541.2,520.0,525.45,11480,1747612800
ok,520.0,540.0,520.0,538.78,23444,1747699200
ok,540.0,561.0,530.0,532.62,21831,1747785600
ok,540.5,543.2,529.0,532.27,19481,1747872000
ok,535.1,536.0,526.0,526.1,8905,1748131200
ok,536.6,540.0,526.0,526.69,11418,1748217600
ok,525.0,530.0,520.0,523.06,13693,1748304000
ok,530.0,530.0,520.0,524.48,6355,1748390400
ok,532.0,536.0,527.0,529.18,11446,1748822400
ok,535.0,535.0,521.0,521.95,17385,1748908800
ok,520.0,528.0,514.1,514.93,11105,1748995200
ok,515.9,524.9,509.0,510.03,16758,1749081600
ok,520.2,520.2,500.0,501.61,14476,1749340800
ok,510.0,511.0,501.1,508.92,11674,1749427200
ok,510.0,545.9,510.0,532.98,41597,1749513600
ok,539.0,543.6,514.5,529.21,14517,1749600000
ok,531.9,538.0,520.0,531.62,29490,1749686400
ok,532.0,535.0,525.1,526.78,17093,1749945600
ok,537.0,537.0,516.0,516.77,14833,1750032000
ok,526.0,527.0,507.1,511.07,13881,1750118400
ok,513.0,530.0,511.0,514.0,14433,1750204800
ok,514.0,524.0,510.0,511.15,22516,1750291200
ok,514.0,514.0,508.0,508.07,12651,1750550400
ok,515.6,516.0,506.1,507.63,14801,1750636800
ok,514.0,517.0,500.0,502.47,11872,1750723200
ok,502.47,509.0,502.1,504.85,6466,1750809600
ok,506.0,509.0,495.0,498.18,19084,1750896000
ok,505.0,505.0,495.0,498.48,8270,1751155200
ok,505.0,506.0,495.0,495.49,13762,1751241600
ok,500.0,501.0,493.1,496.38,14947,1751328000
ok,503.0,518.2,503.0,510.36,15602,1751414400
ok,520.0,538.0,511.0,534.51,39566,1751500800
ok,533.0,565.0,530.0,543.3,68697,1751760000
ok,544.0,545.0,518.1,519.22,38004,1751846400
ok,515.1,547.9,515.1,534.45,33723,1751932800
ok,523.8,544.8,523.8,533.38,9872,1752019200
ok,542.6,542.7,524.4,525.45,16515,1752105600
ok,535.9,548.9,535.9,545.59,40046,1752364800
ok,546.0,565.0,536.0,545.36,43246,1752451200
ok,555.0,562.9,541.0,547.74,31565,1752537600
ok,558.4,570.0,548.1,549.96,36563,1752624000
ok,545.0,570.9,545.0,563.74,49778,1752710400
ok,566.0,570.0,548.2,551.05,42396,1752969600
ok,562.0,562.0,542.2,554.49,36931,1753056000
ok,557.0,565.0,550.1,562.24,48877,1753142400
ok,563.0,608.0,560.0,579.67,67588,1753228800
ok,589.9,589.9,570.0,571.63,21472,1753315200
ok,579.9,579.9,549.0,562.18,32534,1753574400
ok,564.0,582.4,546.0,575.04,39335,1753660800
ok,585.0,585.0,568.0,570.16,21873,1753747200
